config,index,dataset,vsId,tgId,tcId,op,return_code,raw_cycles,empty_cycles,input_bytes,output_bytes,m_total,mul,mulh,mulhsu,mulhu,div,divu,rem,remu,min_sp,source_local_index,original_case_index,operation,dataset_name,revision,expected_implicit_rejection,observed_algorithm_stack_bytes,profile_accounted_cycles,profile_enters,profile_exits,profile_max_depth,source_chunk,baseline_raw_cycles,delta_cycles,overhead_percent,baseline_m_total,same_m,baseline_mul,baseline_mulh,baseline_mulhsu,baseline_mulhu,baseline_div,baseline_divu,baseline_rem,baseline_remu
rv32im_fast,0,1,42,1,1,1,0,5201508,4,64,2432,18176,18176,0,0,0,0,0,0,0,55744,0,0,keyGen,fips203/ML-KEM-keyGen,FIPS203,,9776,5201508,97,97,5,batch_000_007,5194599,6909,0.13300352924258446,18176,True,18176,0,0,0,0,0,0,0
rv32im_fast,1,2,42,1,1,2,0,5538607,4,832,800,30336,29824,0,0,512,0,0,0,0,53056,1,1,encapsulation,fips203/ML-KEM-encapDecap,FIPS203,,12464,5538607,119,119,5,batch_000_007,5530291,8316,0.15037183395955114,30336,True,29824,0,0,512,0,0,0,0
rv32im_fast,2,2,42,4,76,3,0,6948917,4,2400,32,43776,43264,0,0,512,0,0,0,0,52256,2,2,decapsulation,fips203/ML-KEM-encapDecap,FIPS203,True,13264,6948917,142,142,5,batch_000_007,6938822,10095,0.14548578995108968,43776,True,43264,0,0,512,0,0,0,0
rv32im_fast,3,3,42,4,76,4,0,12151476,4,832,32,61952,61440,0,0,512,0,0,0,0,52256,3,3,decapsulationSeed,fips203-tr1/ML-KEM-encapDecap,FIPS203-tr1,False,13264,12151476,239,239,5,batch_000_007,12134490,16986,0.13998116113656198,61952,True,61440,0,0,512,0,0,0,0
rv32im_fast,4,2,42,8,116,5,0,129521,4,800,0,1024,1024,0,0,0,0,0,0,0,63488,4,4,encapsulationKeyCheck,fips203/ML-KEM-encapDecap,FIPS203,,2032,129521,9,9,2,batch_000_007,128932,589,0.456829956876493,1024,True,1024,0,0,0,0,0,0,0
rv32im_fast,5,2,42,7,106,6,-5,942330,4,1632,0,0,0,0,0,0,0,0,0,0,64576,5,5,decapsulationKeyCheck,fips203/ML-KEM-encapDecap,FIPS203,,944,942330,10,10,3,batch_000_007,941452,878,0.09326019807701295,0,True,0,0,0,0,0,0,0,0
rv32im_fast,6,2,42,8,117,5,-4,129532,4,800,0,1024,1024,0,0,0,0,0,0,0,63488,6,6,encapsulationKeyCheck,fips203/ML-KEM-encapDecap,FIPS203,,2032,129532,9,9,2,batch_000_007,128943,589,0.4567909851639872,1024,True,1024,0,0,0,0,0,0,0
rv32im_fast,7,2,42,7,108,6,0,942319,4,1632,0,0,0,0,0,0,0,0,0,0,64576,7,7,decapsulationKeyCheck,fips203/ML-KEM-encapDecap,FIPS203,,944,942319,10,10,3,batch_000_007,941441,878,0.09326128774931196,0,True,0,0,0,0,0,0,0,0
rv32im_fast,8,1,42,1,2,1,0,5202717,4,64,2432,18176,18176,0,0,0,0,0,0,0,55744,0,8,keyGen,fips203/ML-KEM-keyGen,FIPS203,,9776,5202717,97,97,5,batch_008_015,5195808,6909,0.132972580972969,18176,True,18176,0,0,0,0,0,0,0
rv32im_fast,9,1,42,1,3,1,0,5200026,4,64,2432,18176,18176,0,0,0,0,0,0,0,55744,1,9,keyGen,fips203/ML-KEM-keyGen,FIPS203,,9776,5200026,97,97,5,batch_008_015,5193117,6909,0.1330414854893506,18176,True,18176,0,0,0,0,0,0,0
rv32im_fast,10,1,42,1,4,1,0,5199739,4,64,2432,18176,18176,0,0,0,0,0,0,0,55744,2,10,keyGen,fips203/ML-KEM-keyGen,FIPS203,,9776,5199739,97,97,5,batch_008_015,5192830,6909,0.13304883849461663,18176,True,18176,0,0,0,0,0,0,0
rv32im_fast,11,1,42,1,5,1,0,5201472,4,64,2432,18176,18176,0,0,0,0,0,0,0,55744,3,11,keyGen,fips203/ML-KEM-keyGen,FIPS203,,9776,5201472,97,97,5,batch_008_015,5194563,6909,0.13300445100001676,18176,True,18176,0,0,0,0,0,0,0
rv32im_fast,12,1,42,1,6,1,0,5200047,4,64,2432,18176,18176,0,0,0,0,0,0,0,55744,4,12,keyGen,fips203/ML-KEM-keyGen,FIPS203,,9776,5200047,97,97,5,batch_008_015,5193138,6909,0.1330409474964848,18176,True,18176,0,0,0,0,0,0,0
rv32im_fast,13,1,42,1,7,1,0,5827979,4,64,2432,18176,18176,0,0,0,0,0,0,0,55744,5,13,keyGen,fips203/ML-KEM-keyGen,FIPS203,,9776,5827979,106,106,5,batch_008_015,5820559,7420,0.1274791648018687,18176,True,18176,0,0,0,0,0,0,0
rv32im_fast,14,1,42,1,8,1,0,5201899,4,64,2432,18176,18176,0,0,0,0,0,0,0,55744,6,14,keyGen,fips203/ML-KEM-keyGen,FIPS203,,9776,5201899,97,97,5,batch_008_015,5194990,6909,0.13299351875557028,18176,True,18176,0,0,0,0,0,0,0
rv32im_fast,15,1,42,1,9,1,0,5199513,4,64,2432,18176,18176,0,0,0,0,0,0,0,55744,7,15,keyGen,fips203/ML-KEM-keyGen,FIPS203,,9776,5199513,97,97,5,batch_008_015,5192604,6909,0.13305462923804703,18176,True,18176,0,0,0,0,0,0,0
rv32im_fast,16,1,42,1,10,1,0,5201042,4,64,2432,18176,18176,0,0,0,0,0,0,0,55744,0,16,keyGen,fips203/ML-KEM-keyGen,FIPS203,,9776,5201042,97,97,5,batch_016_023,5194133,6909,0.1330154618682271,18176,True,18176,0,0,0,0,0,0,0
rv32im_fast,17,1,42,1,11,1,0,5200275,4,64,2432,18176,18176,0,0,0,0,0,0,0,55744,1,17,keyGen,fips203/ML-KEM-keyGen,FIPS203,,9776,5200275,97,97,5,batch_016_023,5193366,6909,0.1330351067111388,18176,True,18176,0,0,0,0,0,0,0
rv32im_fast,18,1,42,1,12,1,0,5200713,4,64,2432,18176,18176,0,0,0,0,0,0,0,55744,2,18,keyGen,fips203/ML-KEM-keyGen,FIPS203,,9776,5200713,97,97,5,batch_016_023,5193804,6909,0.13302388769387524,18176,True,18176,0,0,0,0,0,0,0
rv32im_fast,19,1,42,1,13,1,0,5200238,4,64,2432,18176,18176,0,0,0,0,0,0,0,55744,3,19,keyGen,fips203/ML-KEM-keyGen,FIPS203,,9776,5200238,97,97,5,batch_016_023,5193329,6909,0.13303605452302367,18176,True,18176,0,0,0,0,0,0,0
rv32im_fast,20,1,42,1,14,1,0,5202699,4,64,2432,18176,18176,0,0,0,0,0,0,0,55744,4,20,keyGen,fips203/ML-KEM-keyGen,FIPS203,,9776,5202699,97,97,5,batch_016_023,5195790,6909,0.13297304163563192,18176,True,18176,0,0,0,0,0,0,0
rv32im_fast,21,1,42,1,15,1,0,5201068,4,64,2432,18176,18176,0,0,0,0,0,0,0,55744,5,21,keyGen,fips203/ML-KEM-keyGen,FIPS203,,9776,5201068,97,97,5,batch_016_023,5194159,6909,0.13301479604301678,18176,True,18176,0,0,0,0,0,0,0
rv32im_fast,22,1,42,1,16,1,0,5201744,4,64,2432,18176,18176,0,0,0,0,0,0,0,55744,6,22,keyGen,fips203/ML-KEM-keyGen,FIPS203,,9776,5201744,97,97,5,batch_016_023,5194835,6909,0.13299748692691876,18176,True,18176,0,0,0,0,0,0,0
rv32im_fast,23,1,42,1,17,1,0,5202698,4,64,2432,18176,18176,0,0,0,0,0,0,0,55744,7,23,keyGen,fips203/ML-KEM-keyGen,FIPS203,,9776,5202698,97,97,5,batch_016_023,5195789,6909,0.13297306722809568,18176,True,18176,0,0,0,0,0,0,0
rv32im_fast,24,1,42,1,18,1,0,5200620,4,64,2432,18176,18176,0,0,0,0,0,0,0,55744,0,24,keyGen,fips203/ML-KEM-keyGen,FIPS203,,9776,5200620,97,97,5,batch_024_031,5193711,6909,0.13302626965574327,18176,True,18176,0,0,0,0,0,0,0
rv32im_fast,25,1,42,1,19,1,0,5201929,4,64,2432,18176,18176,0,0,0,0,0,0,0,55744,1,25,keyGen,fips203/ML-KEM-keyGen,FIPS203,,9776,5201929,97,97,5,batch_024_031,5195020,6909,0.1329927507497565,18176,True,18176,0,0,0,0,0,0,0
rv32im_fast,26,1,42,1,20,1,0,5826987,4,64,2432,18176,18176,0,0,0,0,0,0,0,55744,2,26,keyGen,fips203/ML-KEM-keyGen,FIPS203,,9776,5826987,106,106,5,batch_024_031,5819550,7437,0.12779338608655308,18176,True,18176,0,0,0,0,0,0,0
rv32im_fast,27,1,42,1,21,1,0,5201641,4,64,2432,18176,18176,0,0,0,0,0,0,0,55744,3,27,keyGen,fips203/ML-KEM-keyGen,FIPS203,,9776,5201641,97,97,5,batch_024_031,5194732,6909,0.13300012397174676,18176,True,18176,0,0,0,0,0,0,0
rv32im_fast,28,1,42,1,22,1,0,5202231,4,64,2432,18176,18176,0,0,0,0,0,0,0,55744,4,28,keyGen,fips203/ML-KEM-keyGen,FIPS203,,9776,5202231,97,97,5,batch_024_031,5195322,6909,0.13298501998528675,18176,True,18176,0,0,0,0,0,0,0
rv32im_fast,29,1,42,1,23,1,0,5200544,4,64,2432,18176,18176,0,0,0,0,0,0,0,55744,5,29,keyGen,fips203/ML-KEM-keyGen,FIPS203,,9776,5200544,97,97,5,batch_024_031,5193635,6909,0.1330282162685672,18176,True,18176,0,0,0,0,0,0,0
rv32im_fast,30,1,42,1,24,1,0,5828446,4,64,2432,18176,18176,0,0,0,0,0,0,0,55744,6,30,keyGen,fips203/ML-KEM-keyGen,FIPS203,,9776,5828446,106,106,5,batch_024_031,5821023,7423,0.12752054063349347,18176,True,18176,0,0,0,0,0,0,0
rv32im_fast,31,1,42,1,25,1,0,5201602,4,64,2432,18176,18176,0,0,0,0,0,0,0,55744,7,31,keyGen,fips203/ML-KEM-keyGen,FIPS203,,9776,5201602,97,97,5,batch_024_031,5194693,6909,0.133001122491743,18176,True,18176,0,0,0,0,0,0,0
rv32im_fast,32,2,42,1,2,2,0,5538392,4,832,800,30336,29824,0,0,512,0,0,0,0,53056,0,32,encapsulation,fips203/ML-KEM-encapDecap,FIPS203,,12464,5538392,119,119,5,batch_032_039,5530076,8316,0.15037768016208095,30336,True,29824,0,0,512,0,0,0,0
rv32im_fast,33,2,42,1,3,2,0,5539111,4,832,800,30336,29824,0,0,512,0,0,0,0,53056,1,33,encapsulation,fips203/ML-KEM-encapDecap,FIPS203,,12464,5539111,119,119,5,batch_032_039,5530795,8316,0.15035813115474359,30336,True,29824,0,0,512,0,0,0,0
rv32im_fast,34,2,42,1,4,2,0,5538461,4,832,800,30336,29824,0,0,512,0,0,0,0,53056,2,34,encapsulation,fips203/ML-KEM-encapDecap,FIPS203,,12464,5538461,119,119,5,batch_032_039,5530145,8316,0.15037580388940977,30336,True,29824,0,0,512,0,0,0,0
rv32im_fast,35,2,42,1,5,2,0,5539581,4,832,800,30336,29824,0,0,512,0,0,0,0,53056,3,35,encapsulation,fips203/ML-KEM-encapDecap,FIPS203,,12464,5539581,119,119,5,batch_032_039,5531265,8316,0.15034535499564747,30336,True,29824,0,0,512,0,0,0,0
rv32im_fast,36,2,42,1,6,2,0,5538243,4,832,800,30336,29824,0,0,512,0,0,0,0,53056,4,36,encapsulation,fips203/ML-KEM-encapDecap,FIPS203,,12464,5538243,119,119,5,batch_032_039,5529927,8316,0.15038173198308044,30336,True,29824,0,0,512,0,0,0,0
rv32im_fast,37,2,42,1,7,2,0,5538707,4,832,800,30336,29824,0,0,512,0,0,0,0,53056,5,37,encapsulation,fips203/ML-KEM-encapDecap,FIPS203,,12464,5538707,119,119,5,batch_032_039,5530391,8316,0.1503691149504619,30336,True,29824,0,0,512,0,0,0,0
rv32im_fast,38,2,42,1,8,2,0,6164906,4,832,800,30336,29824,0,0,512,0,0,0,0,53056,6,38,encapsulation,fips203/ML-KEM-encapDecap,FIPS203,,12464,6164906,128,128,5,batch_032_039,6156079,8827,0.14338672391955984,30336,True,29824,0,0,512,0,0,0,0
rv32im_fast,39,2,42,1,9,2,0,5539993,4,832,800,30336,29824,0,0,512,0,0,0,0,53056,7,39,encapsulation,fips203/ML-KEM-encapDecap,FIPS203,,12464,5539993,119,119,5,batch_032_039,5531677,8316,0.15033415725466256,30336,True,29824,0,0,512,0,0,0,0
rv32im_fast,40,2,42,1,10,2,0,5539827,4,832,800,30336,29824,0,0,512,0,0,0,0,53056,0,40,encapsulation,fips203/ML-KEM-encapDecap,FIPS203,,12464,5539827,119,119,5,batch_040_047,5531511,8316,0.15033866876518912,30336,True,29824,0,0,512,0,0,0,0
rv32im_fast,41,2,42,1,11,2,0,6165087,4,832,800,30336,29824,0,0,512,0,0,0,0,53056,1,41,encapsulation,fips203/ML-KEM-encapDecap,FIPS203,,12464,6165087,128,128,5,batch_040_047,6156253,8834,0.14349637677333923,30336,True,29824,0,0,512,0,0,0,0
rv32im_fast,42,2,42,1,12,2,0,5540215,4,832,800,30336,29824,0,0,512,0,0,0,0,53056,2,42,encapsulation,fips203/ML-KEM-encapDecap,FIPS203,,12464,5540215,119,119,5,batch_040_047,5531899,8316,0.15032812421195688,30336,True,29824,0,0,512,0,0,0,0
rv32im_fast,43,2,42,1,13,2,0,6164635,4,832,800,30336,29824,0,0,512,0,0,0,0,53056,3,43,encapsulation,fips203/ML-KEM-encapDecap,FIPS203,,12464,6164635,128,128,5,batch_040_047,6155808,8827,0.14339303630002756,30336,True,29824,0,0,512,0,0,0,0
rv32im_fast,44,2,42,1,14,2,0,5539150,4,832,800,30336,29824,0,0,512,0,0,0,0,53056,4,44,encapsulation,fips203/ML-KEM-encapDecap,FIPS203,,12464,5539150,119,119,5,batch_040_047,5530834,8316,0.15035707092275777,30336,True,29824,0,0,512,0,0,0,0
rv32im_fast,45,2,42,1,15,2,0,5538438,4,832,800,30336,29824,0,0,512,0,0,0,0,53056,5,45,encapsulation,fips203/ML-KEM-encapDecap,FIPS203,,12464,5538438,119,119,5,batch_040_047,5530122,8316,0.15037642930843118,30336,True,29824,0,0,512,0,0,0,0
rv32im_fast,46,2,42,1,16,2,0,5539525,4,832,800,30336,29824,0,0,512,0,0,0,0,53056,6,46,encapsulation,fips203/ML-KEM-encapDecap,FIPS203,,12464,5539525,119,119,5,batch_040_047,5531209,8316,0.15034687714747355,30336,True,29824,0,0,512,0,0,0,0
rv32im_fast,47,2,42,1,17,2,0,5538124,4,832,800,30336,29824,0,0,512,0,0,0,0,53056,7,47,encapsulation,fips203/ML-KEM-encapDecap,FIPS203,,12464,5538124,119,119,5,batch_040_047,5529808,8316,0.15038496815802646,30336,True,29824,0,0,512,0,0,0,0
rv32im_fast,48,2,42,1,18,2,0,5537695,4,832,800,30336,29824,0,0,512,0,0,0,0,53056,0,48,encapsulation,fips203/ML-KEM-encapDecap,FIPS203,,12464,5537695,119,119,5,batch_048_055,5529379,8316,0.15039663586091676,30336,True,29824,0,0,512,0,0,0,0
rv32im_fast,49,2,42,1,19,2,0,5540331,4,832,800,30336,29824,0,0,512,0,0,0,0,53056,1,49,encapsulation,fips203/ML-KEM-encapDecap,FIPS203,,12464,5540331,119,119,5,batch_048_055,5532015,8316,0.15032497200387201,30336,True,29824,0,0,512,0,0,0,0
rv32im_fast,50,2,42,1,20,2,0,5538952,4,832,800,30336,29824,0,0,512,0,0,0,0,53056,2,50,encapsulation,fips203/ML-KEM-encapDecap,FIPS203,,12464,5538952,119,119,5,batch_048_055,5530636,8316,0.1503624537937409,30336,True,29824,0,0,512,0,0,0,0
rv32im_fast,51,2,42,1,21,2,0,5539652,4,832,800,30336,29824,0,0,512,0,0,0,0,53056,3,51,encapsulation,fips203/ML-KEM-encapDecap,FIPS203,,12464,5539652,119,119,5,batch_048_055,5531336,8316,0.1503434251688923,30336,True,29824,0,0,512,0,0,0,0
rv32im_fast,52,2,42,1,22,2,0,5539548,4,832,800,30336,29824,0,0,512,0,0,0,0,53056,4,52,encapsulation,fips203/ML-KEM-encapDecap,FIPS203,,12464,5539548,119,119,5,batch_048_055,5531232,8316,0.1503462519742437,30336,True,29824,0,0,512,0,0,0,0
rv32im_fast,53,2,42,1,23,2,0,5539956,4,832,800,30336,29824,0,0,512,0,0,0,0,53056,5,53,encapsulation,fips203/ML-KEM-encapDecap,FIPS203,,12464,5539956,119,119,5,batch_048_055,5531640,8316,0.15033516280885958,30336,True,29824,0,0,512,0,0,0,0
rv32im_fast,54,2,42,1,24,2,0,5539543,4,832,800,30336,29824,0,0,512,0,0,0,0,53056,6,54,encapsulation,fips203/ML-KEM-encapDecap,FIPS203,,12464,5539543,119,119,5,batch_048_055,5531227,8316,0.1503463878810253,30336,True,29824,0,0,512,0,0,0,0
rv32im_fast,55,2,42,1,25,2,0,5540036,4,832,800,30336,29824,0,0,512,0,0,0,0,53056,7,55,encapsulation,fips203/ML-KEM-encapDecap,FIPS203,,12464,5540036,119,119,5,batch_048_055,5531720,8316,0.15033298865452338,30336,True,29824,0,0,512,0,0,0,0
rv32im_fast,56,2,42,4,77,3,0,6945722,4,2400,32,43776,43264,0,0,512,0,0,0,0,52256,0,56,decapsulation,fips203/ML-KEM-encapDecap,FIPS203,True,13264,6945722,142,142,5,batch_056_063,6935627,10095,0.14555281014968077,43776,True,43264,0,0,512,0,0,0,0
rv32im_fast,57,2,42,4,78,3,0,6949246,4,2400,32,43776,43264,0,0,512,0,0,0,0,52256,1,57,decapsulation,fips203/ML-KEM-encapDecap,FIPS203,True,13264,6949246,142,142,5,batch_056_063,6939151,10095,0.1454788921584211,43776,True,43264,0,0,512,0,0,0,0
rv32im_fast,58,2,42,4,79,3,0,6948095,4,2400,32,43776,43264,0,0,512,0,0,0,0,52256,2,58,decapsulation,fips203/ML-KEM-encapDecap,FIPS203,False,13264,6948095,142,142,5,batch_056_063,6938000,10095,0.14550302680887864,43776,True,43264,0,0,512,0,0,0,0
rv32im_fast,59,2,42,4,80,3,0,6946681,4,2400,32,43776,43264,0,0,512,0,0,0,0,52256,3,59,decapsulation,fips203/ML-KEM-encapDecap,FIPS203,False,13264,6946681,142,142,5,batch_056_063,6936586,10095,0.1455326871172649,43776,True,43264,0,0,512,0,0,0,0
rv32im_fast,60,2,42,4,81,3,0,6947296,4,2400,32,43776,43264,0,0,512,0,0,0,0,52256,4,60,decapsulation,fips203/ML-KEM-encapDecap,FIPS203,False,13264,6947296,142,142,5,batch_056_063,6937201,10095,0.1455197852851604,43776,True,43264,0,0,512,0,0,0,0
rv32im_fast,61,2,42,4,82,3,0,6947566,4,2400,32,43776,43264,0,0,512,0,0,0,0,52256,5,61,decapsulation,fips203/ML-KEM-encapDecap,FIPS203,True,13264,6947566,142,142,5,batch_056_063,6937471,10095,0.14551412178876136,43776,True,43264,0,0,512,0,0,0,0
rv32im_fast,62,2,42,4,83,3,0,6946593,4,2400,32,43776,43264,0,0,512,0,0,0,0,52256,6,62,decapsulation,fips203/ML-KEM-encapDecap,FIPS203,True,13264,6946593,142,142,5,batch_056_063,6936498,10095,0.1455345334201783,43776,True,43264,0,0,512,0,0,0,0
rv32im_fast,63,2,42,4,84,3,0,6949491,4,2400,32,43776,43264,0,0,512,0,0,0,0,52256,7,63,decapsulation,fips203/ML-KEM-encapDecap,FIPS203,False,13264,6949491,142,142,5,batch_056_063,6939396,10095,0.14547375592919037,43776,True,43264,0,0,512,0,0,0,0
rv32im_fast,64,2,42,4,85,3,0,6948004,4,2400,32,43776,43264,0,0,512,0,0,0,0,52256,0,64,decapsulation,fips203/ML-KEM-encapDecap,FIPS203,False,13264,6948004,142,142,5,batch_064_071,6937909,10095,0.14550493527660857,43776,True,43264,0,0,512,0,0,0,0
rv32im_fast,65,2,42,7,107,6,-5,942330,4,1632,0,0,0,0,0,0,0,0,0,0,64576,1,65,decapsulationKeyCheck,fips203/ML-KEM-encapDecap,FIPS203,,944,942330,10,10,3,batch_064_071,941452,878,0.09326019807701295,0,True,0,0,0,0,0,0,0,0
rv32im_fast,66,2,42,7,109,6,-5,942330,4,1632,0,0,0,0,0,0,0,0,0,0,64576,2,66,decapsulationKeyCheck,fips203/ML-KEM-encapDecap,FIPS203,,944,942330,10,10,3,batch_064_071,941452,878,0.09326019807701295,0,True,0,0,0,0,0,0,0,0
rv32im_fast,67,2,42,7,110,6,-5,942330,4,1632,0,0,0,0,0,0,0,0,0,0,64576,3,67,decapsulationKeyCheck,fips203/ML-KEM-encapDecap,FIPS203,,944,942330,10,10,3,batch_064_071,941452,878,0.09326019807701295,0,True,0,0,0,0,0,0,0,0
rv32im_fast,68,2,42,7,111,6,0,942319,4,1632,0,0,0,0,0,0,0,0,0,0,64576,4,68,decapsulationKeyCheck,fips203/ML-KEM-encapDecap,FIPS203,,944,942319,10,10,3,batch_064_071,941441,878,0.09326128774931196,0,True,0,0,0,0,0,0,0,0
rv32im_fast,69,2,42,7,112,6,0,942319,4,1632,0,0,0,0,0,0,0,0,0,0,64576,5,69,decapsulationKeyCheck,fips203/ML-KEM-encapDecap,FIPS203,,944,942319,10,10,3,batch_064_071,941441,878,0.09326128774931196,0,True,0,0,0,0,0,0,0,0
rv32im_fast,70,2,42,7,113,6,-5,942330,4,1632,0,0,0,0,0,0,0,0,0,0,64576,6,70,decapsulationKeyCheck,fips203/ML-KEM-encapDecap,FIPS203,,944,942330,10,10,3,batch_064_071,941452,878,0.09326019807701295,0,True,0,0,0,0,0,0,0,0
rv32im_fast,71,2,42,7,114,6,0,942319,4,1632,0,0,0,0,0,0,0,0,0,0,64576,7,71,decapsulationKeyCheck,fips203/ML-KEM-encapDecap,FIPS203,,944,942319,10,10,3,batch_064_071,941441,878,0.09326128774931196,0,True,0,0,0,0,0,0,0,0
rv32im_fast,72,2,42,7,115,6,0,942319,4,1632,0,0,0,0,0,0,0,0,0,0,64576,0,72,decapsulationKeyCheck,fips203/ML-KEM-encapDecap,FIPS203,,944,942319,10,10,3,batch_072_079,941441,878,0.09326128774931196,0,True,0,0,0,0,0,0,0,0
rv32im_fast,73,2,42,8,118,5,-4,129532,4,800,0,1024,1024,0,0,0,0,0,0,0,63488,1,73,encapsulationKeyCheck,fips203/ML-KEM-encapDecap,FIPS203,,2032,129532,9,9,2,batch_072_079,128943,589,0.4567909851639872,1024,True,1024,0,0,0,0,0,0,0
rv32im_fast,74,2,42,8,119,5,-4,129532,4,800,0,1024,1024,0,0,0,0,0,0,0,63488,2,74,encapsulationKeyCheck,fips203/ML-KEM-encapDecap,FIPS203,,2032,129532,9,9,2,batch_072_079,128943,589,0.4567909851639872,1024,True,1024,0,0,0,0,0,0,0
rv32im_fast,75,2,42,8,120,5,0,129521,4,800,0,1024,1024,0,0,0,0,0,0,0,63488,3,75,encapsulationKeyCheck,fips203/ML-KEM-encapDecap,FIPS203,,2032,129521,9,9,2,batch_072_079,128932,589,0.456829956876493,1024,True,1024,0,0,0,0,0,0,0
rv32im_fast,76,2,42,8,121,5,0,129521,4,800,0,1024,1024,0,0,0,0,0,0,0,63488,4,76,encapsulationKeyCheck,fips203/ML-KEM-encapDecap,FIPS203,,2032,129521,9,9,2,batch_072_079,128932,589,0.456829956876493,1024,True,1024,0,0,0,0,0,0,0
rv32im_fast,77,2,42,8,122,5,0,129521,4,800,0,1024,1024,0,0,0,0,0,0,0,63488,5,77,encapsulationKeyCheck,fips203/ML-KEM-encapDecap,FIPS203,,2032,129521,9,9,2,batch_072_079,128932,589,0.456829956876493,1024,True,1024,0,0,0,0,0,0,0
rv32im_fast,78,2,42,8,123,5,-4,129532,4,800,0,1024,1024,0,0,0,0,0,0,0,63488,6,78,encapsulationKeyCheck,fips203/ML-KEM-encapDecap,FIPS203,,2032,129532,9,9,2,batch_072_079,128943,589,0.4567909851639872,1024,True,1024,0,0,0,0,0,0,0
rv32im_fast,79,2,42,8,124,5,0,129521,4,800,0,1024,1024,0,0,0,0,0,0,0,63488,7,79,encapsulationKeyCheck,fips203/ML-KEM-encapDecap,FIPS203,,2032,129521,9,9,2,batch_072_079,128932,589,0.456829956876493,1024,True,1024,0,0,0,0,0,0,0
rv32im_fast,80,2,42,8,125,5,-4,129532,4,800,0,1024,1024,0,0,0,0,0,0,0,63488,0,80,encapsulationKeyCheck,fips203/ML-KEM-encapDecap,FIPS203,,2032,129532,9,9,2,batch_080_087,128943,589,0.4567909851639872,1024,True,1024,0,0,0,0,0,0,0
rv32im_fast,81,3,42,1,1,2,0,5538183,4,832,800,30336,29824,0,0,512,0,0,0,0,53056,1,81,encapsulation,fips203-tr1/ML-KEM-encapDecap,FIPS203-tr1,,12464,5538183,119,119,5,batch_080_087,5529867,8316,0.1503833636505182,30336,True,29824,0,0,512,0,0,0,0
rv32im_fast,82,3,42,1,2,2,0,6166555,4,832,800,30336,29824,0,0,512,0,0,0,0,53056,2,82,encapsulation,fips203-tr1/ML-KEM-encapDecap,FIPS203-tr1,,12464,6166555,128,128,5,batch_080_087,6157711,8844,0.14362479824077487,30336,True,29824,0,0,512,0,0,0,0
rv32im_fast,83,3,42,1,3,2,0,5538750,4,832,800,30336,29824,0,0,512,0,0,0,0,53056,3,83,encapsulation,fips203-tr1/ML-KEM-encapDecap,FIPS203-tr1,,12464,5538750,119,119,5,batch_080_087,5530434,8316,0.15036794580678478,30336,True,29824,0,0,512,0,0,0,0
rv32im_fast,84,3,42,1,4,2,0,5538693,4,832,800,30336,29824,0,0,512,0,0,0,0,53056,4,84,encapsulation,fips203-tr1/ML-KEM-encapDecap,FIPS203-tr1,,12464,5538693,119,119,5,batch_080_087,5530377,8316,0.15036949560581495,30336,True,29824,0,0,512,0,0,0,0
rv32im_fast,85,3,42,1,5,2,0,5538796,4,832,800,30336,29824,0,0,512,0,0,0,0,53056,5,85,encapsulation,fips203-tr1/ML-KEM-encapDecap,FIPS203-tr1,,12464,5538796,119,119,5,batch_080_087,5530480,8316,0.1503666951150714,30336,True,29824,0,0,512,0,0,0,0
rv32im_fast,86,3,42,1,6,2,0,5540090,4,832,800,30336,29824,0,0,512,0,0,0,0,53056,6,86,encapsulation,fips203-tr1/ML-KEM-encapDecap,FIPS203-tr1,,12464,5540090,119,119,5,batch_080_087,5531774,8316,0.150331521135896,30336,True,29824,0,0,512,0,0,0,0
rv32im_fast,87,3,42,1,7,2,0,5540556,4,832,800,30336,29824,0,0,512,0,0,0,0,53056,7,87,encapsulation,fips203-tr1/ML-KEM-encapDecap,FIPS203-tr1,,12464,5540556,119,119,5,batch_080_087,5532240,8316,0.1503188581840267,30336,True,29824,0,0,512,0,0,0,0
rv32im_fast,88,3,42,1,8,2,0,5538826,4,832,800,30336,29824,0,0,512,0,0,0,0,53056,0,88,encapsulation,fips203-tr1/ML-KEM-encapDecap,FIPS203-tr1,,12464,5538826,119,119,5,batch_088_095,5530510,8316,0.15036587945777152,30336,True,29824,0,0,512,0,0,0,0
rv32im_fast,89,3,42,1,9,2,0,5539648,4,832,800,30336,29824,0,0,512,0,0,0,0,53056,1,89,encapsulation,fips203-tr1/ML-KEM-encapDecap,FIPS203-tr1,,12464,5539648,119,119,5,batch_088_095,5531332,8316,0.15034353389020944,30336,True,29824,0,0,512,0,0,0,0
rv32im_fast,90,3,42,1,10,2,0,5539720,4,832,800,30336,29824,0,0,512,0,0,0,0,53056,2,90,encapsulation,fips203-tr1/ML-KEM-encapDecap,FIPS203-tr1,,12464,5539720,119,119,5,batch_088_095,5531404,8316,0.1503415769305587,30336,True,29824,0,0,512,0,0,0,0
rv32im_fast,91,3,42,1,11,2,0,5539549,4,832,800,30336,29824,0,0,512,0,0,0,0,53056,3,91,encapsulation,fips203-tr1/ML-KEM-encapDecap,FIPS203-tr1,,12464,5539549,119,119,5,batch_088_095,5531233,8316,0.15034622479291687,30336,True,29824,0,0,512,0,0,0,0
rv32im_fast,92,3,42,1,12,2,0,5539903,4,832,800,30336,29824,0,0,512,0,0,0,0,53056,4,92,encapsulation,fips203-tr1/ML-KEM-encapDecap,FIPS203-tr1,,12464,5539903,119,119,5,batch_088_095,5531587,8316,0.15033660322073936,30336,True,29824,0,0,512,0,0,0,0
rv32im_fast,93,3,42,1,13,2,0,5538836,4,832,800,30336,29824,0,0,512,0,0,0,0,53056,5,93,encapsulation,fips203-tr1/ML-KEM-encapDecap,FIPS203-tr1,,12464,5538836,119,119,5,batch_088_095,5530520,8316,0.15036560757397135,30336,True,29824,0,0,512,0,0,0,0
rv32im_fast,94,3,42,1,14,2,0,5540112,4,832,800,30336,29824,0,0,512,0,0,0,0,53056,6,94,encapsulation,fips203-tr1/ML-KEM-encapDecap,FIPS203-tr1,,12464,5540112,119,119,5,batch_088_095,5531796,8316,0.1503309232661508,30336,True,29824,0,0,512,0,0,0,0
rv32im_fast,95,3,42,1,15,2,0,5540446,4,832,800,30336,29824,0,0,512,0,0,0,0,53056,7,95,encapsulation,fips203-tr1/ML-KEM-encapDecap,FIPS203-tr1,,12464,5540446,119,119,5,batch_088_095,5532130,8316,0.1503218471004839,30336,True,29824,0,0,512,0,0,0,0
rv32im_fast,96,3,42,1,16,2,0,5538985,4,832,800,30336,29824,0,0,512,0,0,0,0,53056,0,96,encapsulation,fips203-tr1/ML-KEM-encapDecap,FIPS203-tr1,,12464,5538985,119,119,5,batch_096_103,5530669,8316,0.15036155662181194,30336,True,29824,0,0,512,0,0,0,0
rv32im_fast,97,3,42,1,17,2,0,5540076,4,832,800,30336,29824,0,0,512,0,0,0,0,53056,1,97,encapsulation,fips203-tr1/ML-KEM-encapDecap,FIPS203-tr1,,12464,5540076,119,119,5,batch_096_103,5531760,8316,0.15033190160093712,30336,True,29824,0,0,512,0,0,0,0
rv32im_fast,98,3,42,1,18,2,0,5539568,4,832,800,30336,29824,0,0,512,0,0,0,0,53056,2,98,encapsulation,fips203-tr1/ML-KEM-encapDecap,FIPS203-tr1,,12464,5539568,119,119,5,batch_096_103,5531252,8316,0.1503457083495744,30336,True,29824,0,0,512,0,0,0,0
rv32im_fast,99,3,42,1,19,2,0,5540516,4,832,800,30336,29824,0,0,512,0,0,0,0,53056,3,99,encapsulation,fips203-tr1/ML-KEM-encapDecap,FIPS203-tr1,,12464,5540516,119,119,5,batch_096_103,5532200,8316,0.15031994504898594,30336,True,29824,0,0,512,0,0,0,0
rv32im_fast,100,3,42,1,20,2,0,5539635,4,832,800,30336,29824,0,0,512,0,0,0,0,53056,4,100,encapsulation,fips203-tr1/ML-KEM-encapDecap,FIPS203-tr1,,12464,5539635,119,119,5,batch_096_103,5531319,8316,0.15034388723557618,30336,True,29824,0,0,512,0,0,0,0
rv32im_fast,101,3,42,1,21,2,0,5540022,4,832,800,30336,29824,0,0,512,0,0,0,0,53056,5,101,encapsulation,fips203-tr1/ML-KEM-encapDecap,FIPS203-tr1,,12464,5540022,119,119,5,batch_096_103,5531706,8316,0.15033336912699266,30336,True,29824,0,0,512,0,0,0,0
rv32im_fast,102,3,42,1,22,2,0,5539698,4,832,800,30336,29824,0,0,512,0,0,0,0,53056,6,102,encapsulation,fips203-tr1/ML-KEM-encapDecap,FIPS203-tr1,,12464,5539698,119,119,5,batch_096_103,5531382,8316,0.1503421748850468,30336,True,29824,0,0,512,0,0,0,0
rv32im_fast,103,3,42,1,23,2,0,5539058,4,832,800,30336,29824,0,0,512,0,0,0,0,53056,7,103,encapsulation,fips203-tr1/ML-KEM-encapDecap,FIPS203-tr1,,12464,5539058,119,119,5,batch_096_103,5530742,8316,0.15035957200679403,30336,True,29824,0,0,512,0,0,0,0
rv32im_fast,104,3,42,1,24,2,0,5539635,4,832,800,30336,29824,0,0,512,0,0,0,0,53056,0,104,encapsulation,fips203-tr1/ML-KEM-encapDecap,FIPS203-tr1,,12464,5539635,119,119,5,batch_104_111,5531319,8316,0.15034388723557618,30336,True,29824,0,0,512,0,0,0,0
rv32im_fast,105,3,42,1,25,2,0,5540128,4,832,800,30336,29824,0,0,512,0,0,0,0,53056,1,105,encapsulation,fips203-tr1/ML-KEM-encapDecap,FIPS203-tr1,,12464,5540128,119,119,5,batch_104_111,5531812,8316,0.15033048845477756,30336,True,29824,0,0,512,0,0,0,0
rv32im_fast,106,3,42,4,77,4,0,12143780,4,832,32,61952,61440,0,0,512,0,0,0,0,52256,2,106,decapsulationSeed,fips203-tr1/ML-KEM-encapDecap,FIPS203-tr1,True,13264,12143780,239,239,5,batch_104_111,12126794,16986,0.14006999706600112,61952,True,61440,0,0,512,0,0,0,0
rv32im_fast,107,3,42,4,78,4,0,12148382,4,832,32,61952,61440,0,0,512,0,0,0,0,52256,3,107,decapsulationSeed,fips203-tr1/ML-KEM-encapDecap,FIPS203-tr1,True,13264,12148382,239,239,5,batch_104_111,12131396,16986,0.1400168620330257,61952,True,61440,0,0,512,0,0,0,0
rv32im_fast,108,3,42,4,79,4,0,12151716,4,832,32,61952,61440,0,0,512,0,0,0,0,52256,4,108,decapsulationSeed,fips203-tr1/ML-KEM-encapDecap,FIPS203-tr1,True,13264,12151716,239,239,5,batch_104_111,12134730,16986,0.1399783925971159,61952,True,61440,0,0,512,0,0,0,0
rv32im_fast,109,3,42,4,80,4,0,12152764,4,832,32,61952,61440,0,0,512,0,0,0,0,52256,5,109,decapsulationSeed,fips203-tr1/ML-KEM-encapDecap,FIPS203-tr1,False,13264,12152764,239,239,5,batch_104_111,12135778,16986,0.13996630459126724,61952,True,61440,0,0,512,0,0,0,0
rv32im_fast,110,3,42,4,81,4,0,12146956,4,832,32,61952,61440,0,0,512,0,0,0,0,52256,6,110,decapsulationSeed,fips203-tr1/ML-KEM-encapDecap,FIPS203-tr1,True,13264,12146956,239,239,5,batch_104_111,12129970,16986,0.1400333224237158,61952,True,61440,0,0,512,0,0,0,0
rv32im_fast,111,3,42,4,82,4,0,12149764,4,832,32,61952,61440,0,0,512,0,0,0,0,52256,7,111,decapsulationSeed,fips203-tr1/ML-KEM-encapDecap,FIPS203-tr1,False,13264,12149764,239,239,5,batch_104_111,12132778,16986,0.14000091322861097,61952,True,61440,0,0,512,0,0,0,0
rv32im_fast,112,3,42,4,83,4,0,12146776,4,832,32,61952,61440,0,0,512,0,0,0,0,52256,0,112,decapsulationSeed,fips203-tr1/ML-KEM-encapDecap,FIPS203-tr1,True,13264,12146776,239,239,5,batch_112_119,12129790,16986,0.14003540044798796,61952,True,61440,0,0,512,0,0,0,0
rv32im_fast,113,3,42,4,84,4,0,12149302,4,832,32,61952,61440,0,0,512,0,0,0,0,52256,1,113,decapsulationSeed,fips203-tr1/ML-KEM-encapDecap,FIPS203-tr1,False,13264,12149302,239,239,5,batch_112_119,12132316,16986,0.14000624447961957,61952,True,61440,0,0,512,0,0,0,0
rv32im_fast,114,3,42,4,85,4,0,12149798,4,832,32,61952,61440,0,0,512,0,0,0,0,52256,2,114,decapsulationSeed,fips203-tr1/ML-KEM-encapDecap,FIPS203-tr1,False,13264,12149798,239,239,5,batch_112_119,12132812,16986,0.14000052090150247,61952,True,61440,0,0,512,0,0,0,0
rv32im_fast,115,3,42,5,86,3,0,6949179,4,2400,32,43776,43264,0,0,512,0,0,0,0,52256,3,115,decapsulation,fips203-tr1/ML-KEM-encapDecap,FIPS203-tr1,True,13264,6949179,142,142,5,batch_112_119,6939084,10095,0.1454802968230389,43776,True,43264,0,0,512,0,0,0,0
rv32im_fast,116,3,42,5,87,3,0,6947052,4,2400,32,43776,43264,0,0,512,0,0,0,0,52256,4,116,decapsulation,fips203-tr1/ML-KEM-encapDecap,FIPS203-tr1,True,13264,6947052,142,142,5,batch_112_119,6936957,10095,0.14552490378706398,43776,True,43264,0,0,512,0,0,0,0
rv32im_fast,117,3,42,5,88,3,0,6947788,4,2400,32,43776,43264,0,0,512,0,0,0,0,52256,5,117,decapsulation,fips203-tr1/ML-KEM-encapDecap,FIPS203-tr1,False,13264,6947788,142,142,5,batch_112_119,6937693,10095,0.14550946546640217,43776,True,43264,0,0,512,0,0,0,0
rv32im_fast,118,3,42,5,89,3,0,6947287,4,2400,32,43776,43264,0,0,512,0,0,0,0,52256,6,118,decapsulation,fips203-tr1/ML-KEM-encapDecap,FIPS203-tr1,True,13264,6947287,142,142,5,batch_112_119,6937192,10095,0.14551997407596617,43776,True,43264,0,0,512,0,0,0,0
rv32im_fast,119,3,42,5,90,3,0,6948564,4,2400,32,43776,43264,0,0,512,0,0,0,0,52256,7,119,decapsulation,fips203-tr1/ML-KEM-encapDecap,FIPS203-tr1,False,13264,6948564,142,142,5,batch_112_119,6938469,10095,0.1454931916536631,43776,True,43264,0,0,512,0,0,0,0
rv32im_fast,120,3,42,5,91,3,0,6947413,4,2400,32,43776,43264,0,0,512,0,0,0,0,52256,0,120,decapsulation,fips203-tr1/ML-KEM-encapDecap,FIPS203-tr1,False,13264,6947413,142,142,5,batch_120_127,6937318,10095,0.1455173310492614,43776,True,43264,0,0,512,0,0,0,0
rv32im_fast,121,3,42,5,92,3,0,6946313,4,2400,32,43776,43264,0,0,512,0,0,0,0,52256,1,121,decapsulation,fips203-tr1/ML-KEM-encapDecap,FIPS203-tr1,True,13264,6946313,142,142,5,batch_120_127,6936218,10095,0.14554040833203338,43776,True,43264,0,0,512,0,0,0,0
rv32im_fast,122,3,42,5,93,3,0,6949482,4,2400,32,43776,43264,0,0,512,0,0,0,0,52256,2,122,decapsulation,fips203-tr1/ML-KEM-encapDecap,FIPS203-tr1,False,13264,6949482,142,142,5,batch_120_127,6939387,10095,0.14547394460058216,43776,True,43264,0,0,512,0,0,0,0
rv32im_fast,123,3,42,5,94,3,0,6948222,4,2400,32,43776,43264,0,0,512,0,0,0,0,52256,3,123,decapsulation,fips203-tr1/ML-KEM-encapDecap,FIPS203-tr1,True,13264,6948222,142,142,5,batch_120_127,6938127,10095,0.14550036342661354,43776,True,43264,0,0,512,0,0,0,0
rv32im_fast,124,3,42,5,95,3,0,6947774,4,2400,32,43776,43264,0,0,512,0,0,0,0,52256,4,124,decapsulation,fips203-tr1/ML-KEM-encapDecap,FIPS203-tr1,False,13264,6947774,142,142,5,batch_120_127,6937679,10095,0.145509759099549,43776,True,43264,0,0,512,0,0,0,0
rv32im_fast,125,3,42,10,136,6,0,942319,4,1632,0,0,0,0,0,0,0,0,0,0,64576,5,125,decapsulationKeyCheck,fips203-tr1/ML-KEM-encapDecap,FIPS203-tr1,,944,942319,10,10,3,batch_120_127,941441,878,0.09326128774931196,0,True,0,0,0,0,0,0,0,0
rv32im_fast,126,3,42,10,137,6,-5,942330,4,1632,0,0,0,0,0,0,0,0,0,0,64576,6,126,decapsulationKeyCheck,fips203-tr1/ML-KEM-encapDecap,FIPS203-tr1,,944,942330,10,10,3,batch_120_127,941452,878,0.09326019807701295,0,True,0,0,0,0,0,0,0,0
rv32im_fast,127,3,42,10,138,6,-5,942330,4,1632,0,0,0,0,0,0,0,0,0,0,64576,7,127,decapsulationKeyCheck,fips203-tr1/ML-KEM-encapDecap,FIPS203-tr1,,944,942330,10,10,3,batch_120_127,941452,878,0.09326019807701295,0,True,0,0,0,0,0,0,0,0
rv32im_fast,128,3,42,10,139,6,-5,942330,4,1632,0,0,0,0,0,0,0,0,0,0,64576,0,128,decapsulationKeyCheck,fips203-tr1/ML-KEM-encapDecap,FIPS203-tr1,,944,942330,10,10,3,batch_128_135,941452,878,0.09326019807701295,0,True,0,0,0,0,0,0,0,0
rv32im_fast,129,3,42,10,140,6,0,942319,4,1632,0,0,0,0,0,0,0,0,0,0,64576,1,129,decapsulationKeyCheck,fips203-tr1/ML-KEM-encapDecap,FIPS203-tr1,,944,942319,10,10,3,batch_128_135,941441,878,0.09326128774931196,0,True,0,0,0,0,0,0,0,0
rv32im_fast,130,3,42,10,141,6,0,942319,4,1632,0,0,0,0,0,0,0,0,0,0,64576,2,130,decapsulationKeyCheck,fips203-tr1/ML-KEM-encapDecap,FIPS203-tr1,,944,942319,10,10,3,batch_128_135,941441,878,0.09326128774931196,0,True,0,0,0,0,0,0,0,0
rv32im_fast,131,3,42,10,142,6,0,942319,4,1632,0,0,0,0,0,0,0,0,0,0,64576,3,131,decapsulationKeyCheck,fips203-tr1/ML-KEM-encapDecap,FIPS203-tr1,,944,942319,10,10,3,batch_128_135,941441,878,0.09326128774931196,0,True,0,0,0,0,0,0,0,0
rv32im_fast,132,3,42,10,143,6,-5,942330,4,1632,0,0,0,0,0,0,0,0,0,0,64576,4,132,decapsulationKeyCheck,fips203-tr1/ML-KEM-encapDecap,FIPS203-tr1,,944,942330,10,10,3,batch_128_135,941452,878,0.09326019807701295,0,True,0,0,0,0,0,0,0,0
rv32im_fast,133,3,42,10,144,6,0,942319,4,1632,0,0,0,0,0,0,0,0,0,0,64576,5,133,decapsulationKeyCheck,fips203-tr1/ML-KEM-encapDecap,FIPS203-tr1,,944,942319,10,10,3,batch_128_135,941441,878,0.09326128774931196,0,True,0,0,0,0,0,0,0,0
rv32im_fast,134,3,42,10,145,6,-5,942330,4,1632,0,0,0,0,0,0,0,0,0,0,64576,6,134,decapsulationKeyCheck,fips203-tr1/ML-KEM-encapDecap,FIPS203-tr1,,944,942330,10,10,3,batch_128_135,941452,878,0.09326019807701295,0,True,0,0,0,0,0,0,0,0
rv32im_fast,135,3,42,11,146,5,-4,129532,4,800,0,1024,1024,0,0,0,0,0,0,0,63488,7,135,encapsulationKeyCheck,fips203-tr1/ML-KEM-encapDecap,FIPS203-tr1,,2032,129532,9,9,2,batch_128_135,128943,589,0.4567909851639872,1024,True,1024,0,0,0,0,0,0,0
rv32im_fast,136,3,42,11,147,5,0,129521,4,800,0,1024,1024,0,0,0,0,0,0,0,63488,0,136,encapsulationKeyCheck,fips203-tr1/ML-KEM-encapDecap,FIPS203-tr1,,2032,129521,9,9,2,batch_136_143,128932,589,0.456829956876493,1024,True,1024,0,0,0,0,0,0,0
rv32im_fast,137,3,42,11,148,5,-4,129532,4,800,0,1024,1024,0,0,0,0,0,0,0,63488,1,137,encapsulationKeyCheck,fips203-tr1/ML-KEM-encapDecap,FIPS203-tr1,,2032,129532,9,9,2,batch_136_143,128943,589,0.4567909851639872,1024,True,1024,0,0,0,0,0,0,0
rv32im_fast,138,3,42,11,149,5,0,129521,4,800,0,1024,1024,0,0,0,0,0,0,0,63488,2,138,encapsulationKeyCheck,fips203-tr1/ML-KEM-encapDecap,FIPS203-tr1,,2032,129521,9,9,2,batch_136_143,128932,589,0.456829956876493,1024,True,1024,0,0,0,0,0,0,0
rv32im_fast,139,3,42,11,150,5,0,129521,4,800,0,1024,1024,0,0,0,0,0,0,0,63488,3,139,encapsulationKeyCheck,fips203-tr1/ML-KEM-encapDecap,FIPS203-tr1,,2032,129521,9,9,2,batch_136_143,128932,589,0.456829956876493,1024,True,1024,0,0,0,0,0,0,0
rv32im_fast,140,3,42,11,151,5,-4,129532,4,800,0,1024,1024,0,0,0,0,0,0,0,63488,4,140,encapsulationKeyCheck,fips203-tr1/ML-KEM-encapDecap,FIPS203-tr1,,2032,129532,9,9,2,batch_136_143,128943,589,0.4567909851639872,1024,True,1024,0,0,0,0,0,0,0
rv32im_fast,141,3,42,11,152,5,-4,129532,4,800,0,1024,1024,0,0,0,0,0,0,0,63488,5,141,encapsulationKeyCheck,fips203-tr1/ML-KEM-encapDecap,FIPS203-tr1,,2032,129532,9,9,2,batch_136_143,128943,589,0.4567909851639872,1024,True,1024,0,0,0,0,0,0,0
rv32im_fast,142,3,42,11,153,5,0,129521,4,800,0,1024,1024,0,0,0,0,0,0,0,63488,6,142,encapsulationKeyCheck,fips203-tr1/ML-KEM-encapDecap,FIPS203-tr1,,2032,129521,9,9,2,batch_136_143,128932,589,0.456829956876493,1024,True,1024,0,0,0,0,0,0,0
rv32im_fast,143,3,42,11,154,5,0,129521,4,800,0,1024,1024,0,0,0,0,0,0,0,63488,7,143,encapsulationKeyCheck,fips203-tr1/ML-KEM-encapDecap,FIPS203-tr1,,2032,129521,9,9,2,batch_136_143,128932,589,0.456829956876493,1024,True,1024,0,0,0,0,0,0,0
rv32im_fast,144,3,42,11,155,5,-4,129532,4,800,0,1024,1024,0,0,0,0,0,0,0,63488,0,144,encapsulationKeyCheck,fips203-tr1/ML-KEM-encapDecap,FIPS203-tr1,,2032,129532,9,9,2,batch_144_144,128943,589,0.4567909851639872,1024,True,1024,0,0,0,0,0,0,0
