case_index,dataset,vsId,tgId,tcId,op,operation,return_code,software_cycles,hardware_cycles,empty_cycles,input_bytes,output_bytes,m_total,mul,mulh,mulhsu,mulhu,div,divu,rem,remu,min_sp,starts,done,loads,reads,core_cycles,load_cycles,read_cycles,remaining_api_cycles,load_ratio,core_ratio,read_ratio,remaining_api_ratio,speedup,speedup_per_sample
0,1,42,1,1,1,keyGen,0,5194599,5223313,4,64,2432,15104,15104,0,0,0,0,0,0,0,,2,2,1280,256,272,84734,11686,5126621,0.016222271190717463,5.2074229516783695e-05,0.0022372773754894644,0.9814883772042763,0.9945027226972613,0.9945027226972613
1,2,42,1,1,2,encapsulation,0,5530291,5573362,4,832,800,25728,25216,0,0,512,0,0,0,0,,3,3,1920,384,408,127101,17529,5428324,0.02280508605039472,7.320536509202165e-05,0.003145139325240313,0.9739765692592729,0.9922719895101018,0.9922719895101018
2,2,42,4,76,3,decapsulation,0,6938822,6996250,4,2400,32,37632,37120,0,0,512,0,0,0,0,,4,4,2560,512,544,169468,23372,6802866,0.024222690727175273,7.775594068250848e-05,0.003340646775058067,0.9723589065570841,0.9917916026442737,0.9917916026442737
3,3,42,4,76,4,decapsulationSeed,0,12134490,12220632,4,832,32,52736,52224,0,0,512,0,0,0,0,,6,6,3840,768,816,254202,35058,11930556,0.020801051860492976,6.67723240500164e-05,0.002868755069295925,0.9762634207461611,0.9929511010559847,0.9929511010559847
4,2,42,8,116,5,encapsulationKeyCheck,0,128932,128932,4,800,0,1024,1024,0,0,0,0,0,0,0,,0,0,0,0,0,0,0,128932,0.0,0.0,0.0,1.0,1.0,1.0
5,2,42,7,106,6,decapsulationKeyCheck,-5,941452,941452,4,1632,0,0,0,0,0,0,0,0,0,0,,0,0,0,0,0,0,0,941452,0.0,0.0,0.0,1.0,1.0,1.0
6,2,42,8,117,5,encapsulationKeyCheck,-4,128943,128943,4,800,0,1024,1024,0,0,0,0,0,0,0,,0,0,0,0,0,0,0,128943,0.0,0.0,0.0,1.0,1.0,1.0
7,2,42,7,108,6,decapsulationKeyCheck,0,941441,941441,4,1632,0,0,0,0,0,0,0,0,0,0,,0,0,0,0,0,0,0,941441,0.0,0.0,0.0,1.0,1.0,1.0
8,1,42,1,2,1,keyGen,0,5195808,5224522,4,64,2432,15104,15104,0,0,0,0,0,0,0,,2,2,1280,256,272,84734,11686,5127830,0.016218517215546225,5.206217908547423e-05,0.00223675964997372,0.9814926609553946,0.9945039948152194,0.9945039948152194
9,1,42,1,3,1,keyGen,0,5193117,5221831,4,64,2432,15104,15104,0,0,0,0,0,0,0,,2,2,1280,256,272,84734,11686,5125139,0.016226875209098112,5.208900862551852e-05,0.002237912333815476,0.9814831234484609,0.9945011625232605,0.9945011625232605
10,1,42,1,4,1,keyGen,0,5192830,5221544,4,64,2432,15104,15104,0,0,0,0,0,0,0,,2,2,1280,256,272,84734,11686,5124852,0.016227767112562873,5.2091871676270464e-05,0.0022380353397385908,0.9814821056760222,0.9945008602819396,0.9945008602819396
11,1,42,1,5,1,keyGen,0,5194563,5223277,4,64,2432,15104,15104,0,0,0,0,0,0,0,,2,2,1280,256,272,84734,11686,5126585,0.01622238299825952,5.2074588424087027e-05,0.002237292795308386,0.981488249618008,0.9945026848087896,0.9945026848087896
12,1,42,1,6,1,keyGen,0,5193138,5221852,4,64,2432,15104,15104,0,0,0,0,0,0,0,,2,2,1280,256,272,84734,11686,5125160,0.01622680995171828,5.2088799146356504e-05,0.002237903333912949,0.9814831979152224,0.9945011846371747,0.9945011846371747
13,1,42,1,7,1,keyGen,0,5820559,5849273,4,64,2432,15104,15104,0,0,0,0,0,0,0,,2,2,1280,256,272,84734,11686,5752581,0.01448624470083718,4.650150540075664e-05,0.00199785511806339,0.9834693986756987,0.9950910138747157,0.9950910138747157
14,1,42,1,8,1,keyGen,0,5194990,5223704,4,64,2432,15104,15104,0,0,0,0,0,0,0,,2,2,1280,256,272,84734,11686,5127012,0.016221056935844757,5.2070331703327757e-05,0.002237109912812824,0.9814897628196391,0.9945031341745244,0.9945031341745244
15,1,42,1,9,1,keyGen,0,5192604,5221318,4,64,2432,15104,15104,0,0,0,0,0,0,0,,2,2,1280,256,272,84734,11686,5124626,0.016228469516700574,5.209412642555002e-05,0.0022381322110624174,0.9814813041458115,0.9945006222566792,0.9945006222566792
16,1,42,1,10,1,keyGen,0,5194133,5222847,4,64,2432,15104,15104,0,0,0,0,0,0,0,,2,2,1280,256,272,84734,11686,5126155,0.016223718596390053,5.20788757549283e-05,0.002237476992912103,0.9814867255349429,0.9945022322116654,0.9945022322116654
17,1,42,1,11,1,keyGen,0,5193366,5222080,4,64,2432,15104,15104,0,0,0,0,0,0,0,,2,2,1280,256,272,84734,11686,5125388,0.016226101476806178,5.208652490961456e-05,0.0022378056253446904,0.9814840063729395,0.994501424719652,0.994501424719652
18,1,42,1,12,1,keyGen,0,5193804,5222518,4,64,2432,15104,15104,0,0,0,0,0,0,0,,2,2,1280,256,272,84734,11686,5125826,0.016224740632775226,5.208215653828287e-05,0.0022376179459793148,0.9814855592647072,0.9945018858719108,0.9945018858719108
19,1,42,1,13,1,keyGen,0,5193329,5222043,4,64,2432,15104,15104,0,0,0,0,0,0,0,,2,2,1280,256,272,84734,11686,5125351,0.016226216444406912,5.2086893960850186e-05,0.002237821480979762,0.9814838751806525,0.9945013857603241,0.9945013857603241
20,1,42,1,14,1,keyGen,0,5195790,5224504,4,64,2432,15104,15104,0,0,0,0,0,0,0,,2,2,1280,256,272,84734,11686,5127812,0.016218573093254404,5.206235845546295e-05,0.00223676735628875,0.9814925971920014,0.9945039758798155,0.9945039758798155
21,1,42,1,15,1,keyGen,0,5194159,5222873,4,64,2432,15104,15104,0,0,0,0,0,0,0,,2,2,1280,256,272,84734,11686,5126181,0.01622363783304706,5.207861650091817e-05,0.002237465854521065,0.9814868176959309,0.99450225958012,0.99450225958012
22,1,42,1,16,1,keyGen,0,5194835,5223549,4,64,2432,15104,15104,0,0,0,0,0,0,0,,2,2,1280,256,272,84734,11686,5126857,0.016221538268330594,5.2071876802534064e-05,0.0022371762952735773,0.9814892135595933,0.994502971064309,0.994502971064309
23,1,42,1,17,1,keyGen,0,5195789,5224503,4,64,2432,15104,15104,0,0,0,0,0,0,0,,2,2,1280,256,272,84734,11686,5127811,0.016218576197582813,5.206236842049856e-05,0.0022367677844189198,0.9814925936495777,0.9945039748278449,0.9945039748278449
24,1,42,1,18,1,keyGen,0,5193711,5222425,4,64,2432,15104,15104,0,0,0,0,0,0,0,,2,2,1280,256,272,84734,11686,5125733,0.016225029560022402,5.2083084007908204e-05,0.0022376577930750562,0.9814852295628946,0.9945017879624887,0.9945017879624887
25,1,42,1,19,1,keyGen,0,5195020,5223734,4,64,2432,15104,15104,0,0,0,0,0,0,0,,2,2,1280,256,272,84734,11686,5127042,0.016220963778017794,5.2070032662459456e-05,0.002237097065049637,0.9814898691242702,0.9945031657431255,0.9945031657431255
26,1,42,1,20,1,keyGen,0,5819550,5848264,4,64,2432,15104,15104,0,0,0,0,0,0,0,,2,2,1280,256,272,84734,11686,5751572,0.014488744010188322,4.650952829762815e-05,0.0019981998076694213,0.9834665466538446,0.9950901669281688,0.9950901669281688
27,1,42,1,21,1,keyGen,0,5194732,5223446,4,64,2432,15104,15104,0,0,0,0,0,0,0,,2,2,1280,256,272,84734,11686,5126754,0.016221858137329265,5.207290359659121e-05,0.0022372204096682536,0.9814888485494059,0.9945028626695863,0.9945028626695863
28,1,42,1,22,1,keyGen,0,5195322,5224036,4,64,2432,15104,15104,0,0,0,0,0,0,0,,2,2,1280,256,272,84734,11686,5127344,0.016220026048825085,5.206702250903325e-05,0.002236967739119715,0.9814909391895462,0.9945034835135133,0.9945034835135133
29,1,42,1,23,1,keyGen,0,5193635,5222349,4,64,2432,15104,15104,0,0,0,0,0,0,0,,2,2,1280,256,272,84734,11686,5125657,0.016225265680252315,5.208384196460252e-05,0.0022376903573468566,0.9814849601204362,0.9945017079478985,0.9945017079478985
30,1,42,1,24,1,keyGen,0,5821023,5849737,4,64,2432,15104,15104,0,0,0,0,0,0,0,,2,2,1280,256,272,84734,11686,5753045,0.014485095654727725,4.649781691040127e-05,0.001997696648584372,0.9834707098797775,0.9950914032545395,0.9950914032545395
31,1,42,1,25,1,keyGen,0,5194693,5223407,4,64,2432,15104,15104,0,0,0,0,0,0,0,,2,2,1280,256,272,84734,11686,5126715,0.016221979256067928,5.20732923932598e-05,0.0022372371136310074,0.9814887103379079,0.9945028216258086,0.9945028216258086
32,2,42,1,2,2,encapsulation,0,5530076,5573147,4,832,800,25728,25216,0,0,512,0,0,0,0,,3,3,1920,384,408,127101,17529,5428109,0.022805965821464963,7.320818919723452e-05,0.0031452606579370685,0.9739755653314007,0.9922716913801125,0.9922716913801125
33,2,42,1,3,2,encapsulation,0,5530795,5573866,4,832,800,25728,25216,0,0,512,0,0,0,0,,3,3,1920,384,408,127101,17529,5428828,0.022803023969359865,7.319874571796307e-05,0.0031448549355151344,0.9739789223494071,0.9922726882921118,0.9922726882921118
34,2,42,1,4,2,encapsulation,0,5530145,5573216,4,832,800,25728,25216,0,0,512,0,0,0,0,,3,3,1920,384,408,127101,17529,5428178,0.022805683468934274,7.320728283274863e-05,0.003145221717586399,0.9739758875306466,0.9922717870615458,0.9922717870615458
35,2,42,1,5,2,encapsulation,0,5531265,5574336,4,832,800,25728,25216,0,0,512,0,0,0,0,,3,3,1920,384,408,127101,17529,5429298,0.022801101332965937,7.319257396755416e-05,0.0031445897771501395,0.9739811163159163,0.9922733398202046,0.9922733398202046
36,2,42,1,6,2,encapsulation,0,5529927,5572998,4,832,800,25728,25216,0,0,512,0,0,0,0,,3,3,1920,384,408,127101,17529,5427960,0.02280657556309907,7.321014649565638e-05,0.0031453447498097074,0.9739748695405955,0.9922714847556019,0.9922714847556019
37,2,42,1,7,2,encapsulation,0,5530391,5573462,4,832,800,25728,25216,0,0,512,0,0,0,0,,3,3,1920,384,408,127101,17529,5428424,0.022804676877674953,7.320405162895163e-05,0.003145082894617385,0.9739770361760787,0.9922721281673761,0.9922721281673761
38,2,42,1,8,2,encapsulation,0,6156079,6199150,4,832,800,25728,25216,0,0,512,0,0,0,0,,3,3,1920,384,408,127101,17529,6054112,0.02050297218167007,6.58154747021769e-05,0.002827645725623674,0.9766035666180041,0.9930521119830945,0.9930521119830945
39,2,42,1,9,2,encapsulation,0,5531677,5574748,4,832,800,25728,25216,0,0,512,0,0,0,0,,3,3,1920,384,408,127101,17529,5429710,0.022799416224733388,7.318716469336371e-05,0.003144357377230325,0.973983039233343,0.9922739108565983,0.9922739108565983
40,2,42,1,10,2,encapsulation,0,5531511,5574582,4,832,800,25728,25216,0,0,512,0,0,0,0,,3,3,1920,384,408,127101,17529,5429544,0.02280009514614728,7.318934406203012e-05,0.0031444510099591324,0.9739822644998316,0.9922736807889811,0.9922736807889811
41,2,42,1,11,2,encapsulation,0,6156253,6199324,4,832,800,25728,25216,0,0,512,0,0,0,0,,3,3,1920,384,408,127101,17529,6054286,0.020502396712931924,6.581362742131239e-05,0.0028275663604612374,0.9766042232991855,0.9930523069934722,0.9930523069934722
42,2,42,1,12,2,encapsulation,0,5531899,5574970,4,832,800,25728,25216,0,0,512,0,0,0,0,,3,3,1920,384,408,127101,17529,5429932,0.022798508332780267,7.318425031883579e-05,0.0031442321662717466,0.9739840752506291,0.9922742185159741,0.9922742185159741
43,2,42,1,13,2,encapsulation,0,6155808,6198879,4,832,800,25728,25216,0,0,512,0,0,0,0,,3,3,1920,384,408,127101,17529,6053841,0.020503868522034386,6.581835199557856e-05,0.002827769343457099,0.976602543782513,0.9930518082382315,0.9930518082382315
44,2,42,1,14,2,encapsulation,0,5530834,5573905,4,832,800,25728,25216,0,0,512,0,0,0,0,,3,3,1920,384,408,127101,17529,5428867,0.02280286441911012,7.319823355439319e-05,0.0031448329313111725,0.9739791044160243,0.9922727423592616,0.9922727423592616
45,2,42,1,15,2,encapsulation,0,5530122,5573193,4,832,800,25728,25216,0,0,512,0,0,0,0,,3,3,1920,384,408,127101,17529,5428155,0.022805777585667677,7.320758495175028e-05,0.0031452346975961534,0.9739757801317844,0.9922717551679979,0.9922717551679979
46,2,42,1,16,2,encapsulation,0,5531209,5574280,4,832,800,25728,25216,0,0,512,0,0,0,0,,3,3,1920,384,408,127101,17529,5429242,0.02280133039603321,7.319330927043492e-05,0.0031446213681408184,0.9739808549265555,0.9922732621970909,0.9922732621970909
47,2,42,1,17,2,encapsulation,0,5529808,5572879,4,832,800,25728,25216,0,0,512,0,0,0,0,,3,3,1920,384,408,127101,17529,5427841,0.022807062561379855,7.321170978232257e-05,0.003145411913662579,0.9739743138151753,0.9922713197254058,0.9922713197254058
48,2,42,1,18,2,encapsulation,0,5529379,5572450,4,832,800,25728,25216,0,0,512,0,0,0,0,,3,3,1920,384,408,127101,17529,5427412,0.022808818383296396,7.321734605065994e-05,0.0031456540659853386,0.9739723102046676,0.9922707247261079,0.9922707247261079
49,2,42,1,19,2,encapsulation,0,5532015,5575086,4,832,800,25728,25216,0,0,512,0,0,0,0,,3,3,1920,384,408,127101,17529,5430048,0.022798033967547766,7.318272758483008e-05,0.003144166744692369,0.973984616560175,0.9922743792651808,0.9922743792651808
50,2,42,1,20,2,encapsulation,0,5530636,5573707,4,832,800,25728,25216,0,0,512,0,0,0,0,,3,3,1920,384,408,127101,17529,5428669,0.02280367446656238,7.320083384361611e-05,0.003144944648148889,0.9739781800514451,0.9922724678566706,0.9922724678566706
51,2,42,1,21,2,encapsulation,0,5531336,5574407,4,832,800,25728,25216,0,0,512,0,0,0,0,,3,3,1920,384,408,127101,17529,5429369,0.022800810920336458,7.319164172978399e-05,0.0031445497251994694,0.9739814477127343,0.9922734382329815,0.9922734382329815
52,2,42,1,22,2,encapsulation,0,5531232,5574303,4,832,800,25728,25216,0,0,512,0,0,0,0,,3,3,1920,384,408,127101,17529,5429265,0.0228012363160022,7.319300726924963e-05,0.003144608393192835,0.9739809622835357,0.9922732940782013,0.9922732940782013
53,2,42,1,23,2,encapsulation,0,5531640,5574711,4,832,800,25728,25216,0,0,512,0,0,0,0,,3,3,1920,384,408,127101,17529,5429673,0.02279956754708899,7.318765044501858e-05,0.0031443782466929675,0.973982866555773,0.9922738595776535,0.9922738595776535
54,2,42,1,24,2,encapsulation,0,5531227,5574298,4,832,800,25728,25216,0,0,512,0,0,0,0,,3,3,1920,384,408,127101,17529,5429260,0.022801256768116812,7.319307292146921e-05,0.003144611213824593,0.9739809389451372,0.9922732871475476,0.9922732871475476
55,2,42,1,25,2,encapsulation,0,5531720,5574791,4,832,800,25728,25216,0,0,512,0,0,0,0,,3,3,1920,384,408,127101,17529,5429753,0.02279924036614108,7.31866001792713e-05,0.0031443331238785455,0.9739832399098011,0.9922739704501926,0.9922739704501926
56,2,42,4,77,3,decapsulation,0,6935627,6993055,4,2400,32,37632,37120,0,0,512,0,0,0,0,,4,4,2560,512,544,169468,23372,6799671,0.024233757635253834,7.779146596158617e-05,0.0033421730559819707,0.9723462778428026,0.9917878523763934,0.9917878523763934
57,2,42,4,78,3,decapsulation,0,6939151,6996579,4,2400,32,37632,37120,0,0,512,0,0,0,0,,4,4,2560,512,544,169468,23372,6803195,0.024221551704054226,7.775228436640249e-05,0.0033404896878888955,0.9723602063236905,0.991791988627585,0.991791988627585
58,2,42,4,79,3,decapsulation,0,6938000,6995428,4,2400,32,37632,37120,0,0,512,0,0,0,0,,4,4,2560,512,544,169468,23372,6802044,0.024225537022180773,7.776507741913718e-05,0.003341039318823666,0.9723556585815765,0.9917906381139224,0.9917906381139224
59,2,42,4,80,3,decapsulation,0,6936586,6994014,4,2400,32,37632,37120,0,0,512,0,0,0,0,,4,4,2560,512,544,169468,23372,6800630,0.024230434768932402,7.778079940932346e-05,0.0033417147863873307,0.9723500696452709,0.991788978403532,0.991788978403532
60,2,42,4,81,3,decapsulation,0,6937201,6994629,4,2400,32,37632,37120,0,0,512,0,0,0,0,,4,4,2560,512,544,169468,23372,6801245,0.024228304317498468,7.777396056316925e-05,0.0033414209674308675,0.9723525007545075,0.9917897003543719,0.9917897003543719
61,2,42,4,82,3,decapsulation,0,6937471,6994899,4,2400,32,37632,37120,0,0,512,0,0,0,0,,4,4,2560,512,544,169468,23372,6801515,0.024227369115694165,7.777095852277496e-05,0.0033412919900630447,0.97235356793572,0.991790017268298,0.991790017268298
62,2,42,4,83,3,decapsulation,0,6936498,6993926,4,2400,32,37632,37120,0,0,512,0,0,0,0,,4,4,2560,512,544,169468,23372,6800542,0.024230739644657377,7.778177807428903e-05,0.0033417568330005205,0.9723497217442678,0.9917888750896134,0.9917888750896134
63,2,42,4,84,3,decapsulation,0,6939396,6996824,4,2400,32,37632,37120,0,0,512,0,0,0,0,,4,4,2560,512,544,169468,23372,6803440,0.024220703564931747,7.774956180118293e-05,0.003340372717678764,0.9723611741555883,0.9917922760383854,0.9917922760383854
64,2,42,4,85,3,decapsulation,0,6937909,6995337,4,2400,32,37632,37120,0,0,512,0,0,0,0,,4,4,2560,512,544,169468,23372,6801953,0.024225852164091594,7.776608903902699e-05,0.0033410827812870203,0.9723552989655824,0.9917905313210786,0.9917905313210786
65,2,42,7,107,6,decapsulationKeyCheck,-5,941452,941452,4,1632,0,0,0,0,0,0,0,0,0,0,,0,0,0,0,0,0,0,941452,0.0,0.0,0.0,1.0,1.0,1.0
66,2,42,7,109,6,decapsulationKeyCheck,-5,941452,941452,4,1632,0,0,0,0,0,0,0,0,0,0,,0,0,0,0,0,0,0,941452,0.0,0.0,0.0,1.0,1.0,1.0
67,2,42,7,110,6,decapsulationKeyCheck,-5,941452,941452,4,1632,0,0,0,0,0,0,0,0,0,0,,0,0,0,0,0,0,0,941452,0.0,0.0,0.0,1.0,1.0,1.0
68,2,42,7,111,6,decapsulationKeyCheck,0,941441,941441,4,1632,0,0,0,0,0,0,0,0,0,0,,0,0,0,0,0,0,0,941441,0.0,0.0,0.0,1.0,1.0,1.0
69,2,42,7,112,6,decapsulationKeyCheck,0,941441,941441,4,1632,0,0,0,0,0,0,0,0,0,0,,0,0,0,0,0,0,0,941441,0.0,0.0,0.0,1.0,1.0,1.0
70,2,42,7,113,6,decapsulationKeyCheck,-5,941452,941452,4,1632,0,0,0,0,0,0,0,0,0,0,,0,0,0,0,0,0,0,941452,0.0,0.0,0.0,1.0,1.0,1.0
71,2,42,7,114,6,decapsulationKeyCheck,0,941441,941441,4,1632,0,0,0,0,0,0,0,0,0,0,,0,0,0,0,0,0,0,941441,0.0,0.0,0.0,1.0,1.0,1.0
72,2,42,7,115,6,decapsulationKeyCheck,0,941441,941441,4,1632,0,0,0,0,0,0,0,0,0,0,,0,0,0,0,0,0,0,941441,0.0,0.0,0.0,1.0,1.0,1.0
73,2,42,8,118,5,encapsulationKeyCheck,-4,128943,128943,4,800,0,1024,1024,0,0,0,0,0,0,0,,0,0,0,0,0,0,0,128943,0.0,0.0,0.0,1.0,1.0,1.0
74,2,42,8,119,5,encapsulationKeyCheck,-4,128943,128943,4,800,0,1024,1024,0,0,0,0,0,0,0,,0,0,0,0,0,0,0,128943,0.0,0.0,0.0,1.0,1.0,1.0
75,2,42,8,120,5,encapsulationKeyCheck,0,128932,128932,4,800,0,1024,1024,0,0,0,0,0,0,0,,0,0,0,0,0,0,0,128932,0.0,0.0,0.0,1.0,1.0,1.0
76,2,42,8,121,5,encapsulationKeyCheck,0,128932,128932,4,800,0,1024,1024,0,0,0,0,0,0,0,,0,0,0,0,0,0,0,128932,0.0,0.0,0.0,1.0,1.0,1.0
77,2,42,8,122,5,encapsulationKeyCheck,0,128932,128932,4,800,0,1024,1024,0,0,0,0,0,0,0,,0,0,0,0,0,0,0,128932,0.0,0.0,0.0,1.0,1.0,1.0
78,2,42,8,123,5,encapsulationKeyCheck,-4,128943,128943,4,800,0,1024,1024,0,0,0,0,0,0,0,,0,0,0,0,0,0,0,128943,0.0,0.0,0.0,1.0,1.0,1.0
79,2,42,8,124,5,encapsulationKeyCheck,0,128932,128932,4,800,0,1024,1024,0,0,0,0,0,0,0,,0,0,0,0,0,0,0,128932,0.0,0.0,0.0,1.0,1.0,1.0
80,2,42,8,125,5,encapsulationKeyCheck,-4,128943,128943,4,800,0,1024,1024,0,0,0,0,0,0,0,,0,0,0,0,0,0,0,128943,0.0,0.0,0.0,1.0,1.0,1.0
81,3,42,1,1,2,encapsulation,0,5529867,5572938,4,832,800,25728,25216,0,0,512,0,0,0,0,,3,3,1920,384,408,127101,17529,5427900,0.02280682110585117,7.321093469907614e-05,0.0031453786135786903,0.9739745893458711,0.9922714015479807,0.9922714015479807
82,3,42,1,2,2,encapsulation,0,6157711,6200782,4,832,800,25728,25216,0,0,512,0,0,0,0,,3,3,1920,384,408,127101,17529,6055744,0.02049757595090426,6.579815255559702e-05,0.002826901510164363,0.9766097243863758,0.9930539406158772,0.9930539406158772
83,3,42,1,3,2,encapsulation,0,5530434,5573505,4,832,800,25728,25216,0,0,512,0,0,0,0,,3,3,1920,384,408,127101,17529,5428467,0.022804500937919674,7.320348685432237e-05,0.0031450586300721,0.9739772369451539,0.9922721877884743,0.9922721877884743
84,3,42,1,4,2,encapsulation,0,5530377,5573448,4,832,800,25728,25216,0,0,512,0,0,0,0,,3,3,1920,384,408,127101,17529,5428410,0.02280473416097181,7.320423551094404e-05,0.003145090794782691,0.9739769708087346,0.9922721087556572,0.9922721087556572
85,3,42,1,5,2,encapsulation,0,5530480,5573551,4,832,800,25728,25216,0,0,512,0,0,0,0,,3,3,1920,384,408,127101,17529,5428513,0.022804312726303212,7.320288268645967e-05,0.003145032673066058,0.9739774517179443,0.9922722515681655,0.9922722515681655
86,3,42,1,6,2,encapsulation,0,5531774,5574845,4,832,800,25728,25216,0,0,512,0,0,0,0,,3,3,1920,384,408,127101,17529,5429807,0.022799019524309645,7.318589126693208e-05,0.003144302666710913,0.9739834919177125,0.9922740452873577,0.9922740452873577
87,3,42,1,7,2,encapsulation,0,5532240,5575311,4,832,800,25728,25216,0,0,512,0,0,0,0,,3,3,1920,384,408,127101,17529,5430273,0.02279711391884686,7.317977418658798e-05,0.003144039857148776,0.9739856664498178,0.9922746910441409,0.9922746910441409
88,3,42,1,8,2,encapsulation,0,5530510,5573581,4,832,800,25728,25216,0,0,512,0,0,0,0,,3,3,1920,384,408,127101,17529,5428543,0.02280418998127057,7.320248866931332e-05,0.0031450157448146892,0.9739775917852455,0.992272293163049,0.992272293163049
89,3,42,1,9,2,encapsulation,0,5531332,5574403,4,832,800,25728,25216,0,0,512,0,0,0,0,,3,3,1920,384,408,127101,17529,5429365,0.02280082728141471,7.31916942495905e-05,0.003144551981620274,0.9739814290427155,0.9922734326886664,0.9922734326886664
90,3,42,1,10,2,encapsulation,0,5531404,5574475,4,832,800,25728,25216,0,0,512,0,0,0,0,,3,3,1920,384,408,127101,17529,5429437,0.022800532785598644,7.319074890460537e-05,0.003144511366541244,0.9739817650989555,0.992273532485122,0.992273532485122
91,3,42,1,11,2,encapsulation,0,5531233,5574304,4,832,800,25728,25216,0,0,512,0,0,0,0,,3,3,1920,384,408,127101,17529,5429266,0.022801232225583678,7.319299413881984e-05,0.003144607829067091,0.9739809669512104,0.9922732954643306,0.9922732954643306
92,3,42,1,12,2,encapsulation,0,5531587,5574658,4,832,800,25728,25216,0,0,512,0,0,0,0,,3,3,1920,384,408,127101,17529,5429620,0.022799784309638367,7.318834626267656e-05,0.003144408141270729,0.9739826192028282,0.9922737861228438,0.9922737861228438
93,3,42,1,13,2,encapsulation,0,5530520,5573591,4,832,800,25728,25216,0,0,512,0,0,0,0,,3,3,1920,384,408,127101,17529,5428553,0.02280414906655332,7.320235733120711e-05,0.0031450101021047294,0.9739776384740108,0.9922723070279107,0.9922723070279107
94,3,42,1,14,2,encapsulation,0,5531796,5574867,4,832,800,25728,25216,0,0,512,0,0,0,0,,3,3,1920,384,408,127101,17529,5429829,0.022798929552938215,7.31856024547312e-05,0.003144290258404371,0.9739835945862027,0.9922740757761576,0.9922740757761576
95,3,42,1,15,2,encapsulation,0,5532130,5575201,4,832,800,25728,25216,0,0,512,0,0,0,0,,3,3,1920,384,408,127101,17529,5430163,0.022797563711155884,7.318121804038993e-05,0.0031441018897793997,0.9739851531810243,0.9922745386220156,0.9922745386220156
96,3,42,1,16,2,encapsulation,0,5530669,5573740,4,832,800,25728,25216,0,0,512,0,0,0,0,,3,3,1920,384,408,127101,17529,5428702,0.022803539454657018,7.320040044924952e-05,0.0031449260281247423,0.973978334116769,0.9922725136084568,0.9922725136084568
97,3,42,1,17,2,encapsulation,0,5531760,5574831,4,832,800,25728,25216,0,0,512,0,0,0,0,,3,3,1920,384,408,127101,17529,5429793,0.02279907677918846,7.31860750577013e-05,0.0031443105629569757,0.9739834265827969,0.992274025885269,0.992274025885269
98,3,42,1,18,2,encapsulation,0,5531252,5574323,4,832,800,25728,25216,0,0,512,0,0,0,0,,3,3,1920,384,408,127101,17529,5429285,0.022801154507910648,7.319274466154903e-05,0.0031445971107164046,0.9739810556367114,0.9922733218006922,0.9922733218006922
99,3,42,1,19,2,encapsulation,0,5532200,5575271,4,832,800,25728,25216,0,0,512,0,0,0,0,,3,3,1920,384,408,127101,17529,5430233,0.022797277477632927,7.318029921774206e-05,0.003144062414185786,0.9739854798089636,0.9922746356186094,0.9922746356186094
100,3,42,1,20,2,encapsulation,0,5531319,5574390,4,832,800,25728,25216,0,0,512,0,0,0,0,,3,3,1920,384,408,127101,17529,5429352,0.022800880455081184,7.319186493948216e-05,0.003144559315010252,0.9739813683649691,0.9922734146695872,0.9922734146695872
101,3,42,1,21,2,encapsulation,0,5531706,5574777,4,832,800,25728,25216,0,0,512,0,0,0,0,,3,3,1920,384,408,127101,17529,5429739,0.0227992976221291,7.31867839736011e-05,0.0031443410202775823,0.9739831745736197,0.992273951047728,0.992273951047728
102,3,42,1,22,2,encapsulation,0,5531382,5574453,4,832,800,25728,25216,0,0,512,0,0,0,0,,3,3,1920,384,408,127101,17529,5429415,0.02280062276962421,7.31910377574266e-05,0.003144523776592968,0.9739816624160254,0.992273501992034,0.992273501992034
103,3,42,1,23,2,encapsulation,0,5530742,5573813,4,832,800,25728,25216,0,0,512,0,0,0,0,,3,3,1920,384,408,127101,17529,5428775,0.022803240797637094,7.319944174661044e-05,0.0031448848391576827,0.9739786749214586,0.9922726148150288,0.9922726148150288
104,3,42,1,24,2,encapsulation,0,5531319,5574390,4,832,800,25728,25216,0,0,512,0,0,0,0,,3,3,1920,384,408,127101,17529,5429352,0.022800880455081184,7.319186493948216e-05,0.003144559315010252,0.9739813683649691,0.9922734146695872,0.9922734146695872
105,3,42,1,25,2,encapsulation,0,5531812,5574883,4,832,800,25728,25216,0,0,512,0,0,0,0,,3,3,1920,384,408,127101,17529,5429845,0.02279886411965955,7.318539241092594e-05,0.003144281234242943,0.9739836692536866,0.9922740979496789,0.9922740979496789
106,3,42,4,77,4,decapsulationSeed,0,12126794,12212936,4,832,32,52736,52224,0,0,512,0,0,0,0,,6,6,3840,768,816,254202,35058,11922860,0.020814159674626968,6.681440073050412e-05,0.002870562819620114,0.9762484631050224,0.992946659181707,0.992946659181707
107,3,42,4,78,4,decapsulationSeed,0,12131396,12217538,4,832,32,52736,52224,0,0,512,0,0,0,0,,6,6,3840,768,816,254202,35058,11927462,0.020806319571095258,6.67892336410167e-05,0.002869481560032799,0.9762574096352309,0.992949315975117,0.992949315975117
108,3,42,4,79,4,decapsulationSeed,0,12134730,12220872,4,832,32,52736,52224,0,0,512,0,0,0,0,,6,6,3840,768,816,254202,35058,11930796,0.020800643358346277,6.677101273951646e-05,0.0028686987311543725,0.9762638868977598,0.9929512394860203,0.9929512394860203
109,3,42,4,80,4,decapsulationSeed,0,12135778,12221920,4,832,32,52736,52224,0,0,512,0,0,0,0,,6,6,3840,768,816,254202,35058,11931844,0.020798859753623,6.676528728710383e-05,0.0028684527471952033,0.9762659222118947,0.9929518439001401,0.9929518439001401
110,3,42,4,81,4,decapsulationSeed,0,12129970,12216112,4,832,32,52736,52224,0,0,512,0,0,0,0,,6,6,3840,768,816,254202,35058,11926036,0.02080874831533961,6.679703002068088e-05,0.002869816517726753,0.9762546381369129,0.9929484929411256,0.9929484929411256
111,3,42,4,82,4,decapsulationSeed,0,12132778,12218920,4,832,32,52736,52224,0,0,512,0,0,0,0,,6,6,3840,768,816,254202,35058,11928844,0.02080396630798794,6.678167955924092e-05,0.0028691570122400343,0.9762600950002128,0.9929501134306469,0.9929501134306469
112,3,42,4,83,4,decapsulationSeed,0,12129790,12215932,4,832,32,52736,52224,0,0,512,0,0,0,0,,6,6,3840,768,816,254202,35058,11925856,0.020809054929251405,6.679801426530535e-05,0.0028698588040601404,0.9762542882524231,0.9929483890381839,0.9929483890381839
113,3,42,4,84,4,decapsulationSeed,0,12132316,12218458,4,832,32,52736,52224,0,0,512,0,0,0,0,,6,6,3840,768,816,254202,35058,11928382,0.020804752940182795,6.67842046844209e-05,0.002869265499787289,0.9762591973553455,0.9929498468628365,0.9929498468628365
114,3,42,4,85,4,decapsulationSeed,0,12132812,12218954,4,832,32,52736,52224,0,0,512,0,0,0,0,,6,6,3840,768,816,254202,35058,11928878,0.02080390841965687,6.678149373506112e-05,0.0028691490286320742,0.976260161057976,0.9929501330473951,0.9929501330473951
115,3,42,5,86,3,decapsulation,0,6939084,6996512,4,2400,32,37632,37120,0,0,512,0,0,0,0,,4,4,2560,512,544,169468,23372,6803128,0.024221783654483835,7.775302893784789e-05,0.0033405216770870973,0.9723599416394912,0.9917919100260244,0.9917919100260244
116,3,42,5,87,3,decapsulation,0,6936957,6994385,4,2400,32,37632,37120,0,0,512,0,0,0,0,,4,4,2560,512,544,169468,23372,6801001,0.024229149524940364,7.777667371756059e-05,0.0033415375333213713,0.9723515362680207,0.9917894139370367,0.9917894139370367
117,3,42,5,88,3,decapsulation,0,6937693,6995121,4,2400,32,37632,37120,0,0,512,0,0,0,0,,4,4,2560,512,544,169468,23372,6801737,0.024226600226071857,7.77684903520611e-05,0.0033411859494639194,0.9723544453341122,0.991790277823643,0.991790277823643
118,3,42,5,89,3,decapsulation,0,6937192,6994620,4,2400,32,37632,37120,0,0,512,0,0,0,0,,4,4,2560,512,544,169468,23372,6801236,0.024228335492135385,7.777406063517389e-05,0.003341425266847949,0.9723524651803815,0.991789689790153,0.991789689790153
119,3,42,5,90,3,decapsulation,0,6938469,6995897,4,2400,32,37632,37120,0,0,512,0,0,0,0,,4,4,2560,512,544,169468,23372,6802513,0.024223912959267412,7.775986410320221e-05,0.0033408153379044887,0.9723575118387249,0.9917911884637524,0.9917911884637524
120,3,42,5,91,3,decapsulation,0,6937318,6994746,4,2400,32,37632,37120,0,0,512,0,0,0,0,,4,4,2560,512,544,169468,23372,6801362,0.02422789905451892,7.777265965054342e-05,0.0033413650760156267,0.9723529632098149,0.9917898376867438,0.9917898376867438
121,3,42,5,92,3,decapsulation,0,6936218,6993646,4,2400,32,37632,37120,0,0,512,0,0,0,0,,4,4,2560,512,544,169468,23372,6800262,0.024231709754826025,7.77848921721231e-05,0.0033418906247184945,0.9723486147282834,0.9917885463462119,0.9917885463462119
122,3,42,5,93,3,decapsulation,0,6939387,6996815,4,2400,32,37632,37120,0,0,512,0,0,0,0,,4,4,2560,512,544,169468,23372,6803431,0.02422073472001189,7.774966181040946e-05,0.0033403770143986943,0.972361138603779,0.9917922654807938,0.9917922654807938
123,3,42,5,94,3,decapsulation,0,6938127,6995555,4,2400,32,37632,37120,0,0,512,0,0,0,0,,4,4,2560,512,544,169468,23372,6802171,0.02422509722245054,7.776366564196836e-05,0.003340978664308979,0.9723561604475985,0.9917907871498401,0.9917907871498401
124,3,42,5,95,3,decapsulation,0,6937679,6995107,4,2400,32,37632,37120,0,0,512,0,0,0,0,,4,4,2560,512,544,169468,23372,6801723,0.024226648713164788,7.776864599783821e-05,0.003341192636510063,0.9723543900043273,0.9917902613927135,0.9917902613927135
125,3,42,10,136,6,decapsulationKeyCheck,0,941441,941441,4,1632,0,0,0,0,0,0,0,0,0,0,,0,0,0,0,0,0,0,941441,0.0,0.0,0.0,1.0,1.0,1.0
126,3,42,10,137,6,decapsulationKeyCheck,-5,941452,941452,4,1632,0,0,0,0,0,0,0,0,0,0,,0,0,0,0,0,0,0,941452,0.0,0.0,0.0,1.0,1.0,1.0
127,3,42,10,138,6,decapsulationKeyCheck,-5,941452,941452,4,1632,0,0,0,0,0,0,0,0,0,0,,0,0,0,0,0,0,0,941452,0.0,0.0,0.0,1.0,1.0,1.0
128,3,42,10,139,6,decapsulationKeyCheck,-5,941452,941452,4,1632,0,0,0,0,0,0,0,0,0,0,,0,0,0,0,0,0,0,941452,0.0,0.0,0.0,1.0,1.0,1.0
129,3,42,10,140,6,decapsulationKeyCheck,0,941441,941441,4,1632,0,0,0,0,0,0,0,0,0,0,,0,0,0,0,0,0,0,941441,0.0,0.0,0.0,1.0,1.0,1.0
130,3,42,10,141,6,decapsulationKeyCheck,0,941441,941441,4,1632,0,0,0,0,0,0,0,0,0,0,,0,0,0,0,0,0,0,941441,0.0,0.0,0.0,1.0,1.0,1.0
131,3,42,10,142,6,decapsulationKeyCheck,0,941441,941441,4,1632,0,0,0,0,0,0,0,0,0,0,,0,0,0,0,0,0,0,941441,0.0,0.0,0.0,1.0,1.0,1.0
132,3,42,10,143,6,decapsulationKeyCheck,-5,941452,941452,4,1632,0,0,0,0,0,0,0,0,0,0,,0,0,0,0,0,0,0,941452,0.0,0.0,0.0,1.0,1.0,1.0
133,3,42,10,144,6,decapsulationKeyCheck,0,941441,941441,4,1632,0,0,0,0,0,0,0,0,0,0,,0,0,0,0,0,0,0,941441,0.0,0.0,0.0,1.0,1.0,1.0
134,3,42,10,145,6,decapsulationKeyCheck,-5,941452,941452,4,1632,0,0,0,0,0,0,0,0,0,0,,0,0,0,0,0,0,0,941452,0.0,0.0,0.0,1.0,1.0,1.0
135,3,42,11,146,5,encapsulationKeyCheck,-4,128943,128943,4,800,0,1024,1024,0,0,0,0,0,0,0,,0,0,0,0,0,0,0,128943,0.0,0.0,0.0,1.0,1.0,1.0
136,3,42,11,147,5,encapsulationKeyCheck,0,128932,128932,4,800,0,1024,1024,0,0,0,0,0,0,0,,0,0,0,0,0,0,0,128932,0.0,0.0,0.0,1.0,1.0,1.0
137,3,42,11,148,5,encapsulationKeyCheck,-4,128943,128943,4,800,0,1024,1024,0,0,0,0,0,0,0,,0,0,0,0,0,0,0,128943,0.0,0.0,0.0,1.0,1.0,1.0
138,3,42,11,149,5,encapsulationKeyCheck,0,128932,128932,4,800,0,1024,1024,0,0,0,0,0,0,0,,0,0,0,0,0,0,0,128932,0.0,0.0,0.0,1.0,1.0,1.0
139,3,42,11,150,5,encapsulationKeyCheck,0,128932,128932,4,800,0,1024,1024,0,0,0,0,0,0,0,,0,0,0,0,0,0,0,128932,0.0,0.0,0.0,1.0,1.0,1.0
140,3,42,11,151,5,encapsulationKeyCheck,-4,128943,128943,4,800,0,1024,1024,0,0,0,0,0,0,0,,0,0,0,0,0,0,0,128943,0.0,0.0,0.0,1.0,1.0,1.0
141,3,42,11,152,5,encapsulationKeyCheck,-4,128943,128943,4,800,0,1024,1024,0,0,0,0,0,0,0,,0,0,0,0,0,0,0,128943,0.0,0.0,0.0,1.0,1.0,1.0
142,3,42,11,153,5,encapsulationKeyCheck,0,128932,128932,4,800,0,1024,1024,0,0,0,0,0,0,0,,0,0,0,0,0,0,0,128932,0.0,0.0,0.0,1.0,1.0,1.0
143,3,42,11,154,5,encapsulationKeyCheck,0,128932,128932,4,800,0,1024,1024,0,0,0,0,0,0,0,,0,0,0,0,0,0,0,128932,0.0,0.0,0.0,1.0,1.0,1.0
144,3,42,11,155,5,encapsulationKeyCheck,-4,128943,128943,4,800,0,1024,1024,0,0,0,0,0,0,0,,0,0,0,0,0,0,0,128943,0.0,0.0,0.0,1.0,1.0,1.0
