config,index,dataset,vsId,tgId,tcId,op,return_code,raw_cycles,empty_cycles,input_bytes,output_bytes,m_total,mul,mulh,mulhsu,mulhu,div,divu,rem,remu,min_sp,original_case_index,operation,dataset_name,revision,expected_implicit_rejection,algorithm_ms_at_100mhz,observed_algorithm_stack_bytes,source_kind,source_chunk,source_local_index
rv32i,0,1,42,1,1,1,0,8995134,4,64,2432,0,0,0,0,0,0,0,0,0,56096,0,keyGen,fips203/ML-KEM-keyGen,FIPS203,,89.95134,9424,checkpoint_prefix,checkpoint,0
rv32i,1,2,42,1,1,2,0,11751451,4,832,800,0,0,0,0,0,0,0,0,0,53408,1,encapsulation,fips203/ML-KEM-encapDecap,FIPS203,,117.51451,12112,checkpoint_prefix,checkpoint,1
rv32i,2,2,42,4,76,3,0,15697334,4,2400,32,0,0,0,0,0,0,0,0,0,52592,2,decapsulation,fips203/ML-KEM-encapDecap,FIPS203,True,156.97334,12928,checkpoint_prefix,checkpoint,2
rv32i,3,3,42,4,76,4,0,24718832,4,832,32,0,0,0,0,0,0,0,0,0,52592,3,decapsulationSeed,fips203-tr1/ML-KEM-encapDecap,FIPS203-tr1,False,247.18832,12928,checkpoint_prefix,checkpoint,3
rv32i,4,2,42,8,116,5,0,154004,4,800,0,0,0,0,0,0,0,0,0,0,63504,4,encapsulationKeyCheck,fips203/ML-KEM-encapDecap,FIPS203,,1.54004,2016,checkpoint_prefix,checkpoint,4
rv32i,5,2,42,7,106,6,-5,941452,4,1632,0,0,0,0,0,0,0,0,0,0,64624,5,decapsulationKeyCheck,fips203/ML-KEM-encapDecap,FIPS203,,9.41452,896,checkpoint_prefix,checkpoint,5
rv32i,6,2,42,8,117,5,-4,154015,4,800,0,0,0,0,0,0,0,0,0,0,63504,6,encapsulationKeyCheck,fips203/ML-KEM-encapDecap,FIPS203,,1.54015,2016,checkpoint_prefix,checkpoint,6
rv32i,7,2,42,7,108,6,0,941441,4,1632,0,0,0,0,0,0,0,0,0,0,64624,7,decapsulationKeyCheck,fips203/ML-KEM-encapDecap,FIPS203,,9.41441,896,checkpoint_prefix,checkpoint,7
rv32i,8,1,42,1,2,1,0,8988682,4,64,2432,0,0,0,0,0,0,0,0,0,56096,8,keyGen,fips203/ML-KEM-keyGen,FIPS203,,89.88682,9424,checkpoint_prefix,checkpoint,8
rv32i,9,1,42,1,3,1,0,8989423,4,64,2432,0,0,0,0,0,0,0,0,0,56096,9,keyGen,fips203/ML-KEM-keyGen,FIPS203,,89.89423,9424,checkpoint_prefix,checkpoint,9
rv32i,10,1,42,1,4,1,0,8979405,4,64,2432,0,0,0,0,0,0,0,0,0,56096,10,keyGen,fips203/ML-KEM-keyGen,FIPS203,,89.79405,9424,checkpoint_prefix,checkpoint,10
rv32i,11,1,42,1,5,1,0,8983655,4,64,2432,0,0,0,0,0,0,0,0,0,56096,11,keyGen,fips203/ML-KEM-keyGen,FIPS203,,89.83655,9424,checkpoint_prefix,checkpoint,11
rv32i,12,1,42,1,6,1,0,9001056,4,64,2432,0,0,0,0,0,0,0,0,0,56096,12,keyGen,fips203/ML-KEM-keyGen,FIPS203,,90.01056,9424,checkpoint_prefix,checkpoint,12
rv32i,13,1,42,1,7,1,0,9602847,4,64,2432,0,0,0,0,0,0,0,0,0,56096,13,keyGen,fips203/ML-KEM-keyGen,FIPS203,,96.02847,9424,checkpoint_prefix,checkpoint,13
rv32i,14,1,42,1,8,1,0,8981614,4,64,2432,0,0,0,0,0,0,0,0,0,56096,14,keyGen,fips203/ML-KEM-keyGen,FIPS203,,89.81614,9424,checkpoint_prefix,checkpoint,14
rv32i,15,1,42,1,9,1,0,8957350,4,64,2432,0,0,0,0,0,0,0,0,0,56096,15,keyGen,fips203/ML-KEM-keyGen,FIPS203,,89.5735,9424,checkpoint_prefix,checkpoint,15
rv32i,16,1,42,1,10,1,0,9004956,4,64,2432,0,0,0,0,0,0,0,0,0,56096,16,keyGen,fips203/ML-KEM-keyGen,FIPS203,,90.04956,9424,checkpoint_prefix,checkpoint,16
rv32i,17,1,42,1,11,1,0,8975006,4,64,2432,0,0,0,0,0,0,0,0,0,56096,17,keyGen,fips203/ML-KEM-keyGen,FIPS203,,89.75006,9424,checkpoint_prefix,checkpoint,17
rv32i,18,1,42,1,12,1,0,9002152,4,64,2432,0,0,0,0,0,0,0,0,0,56096,18,keyGen,fips203/ML-KEM-keyGen,FIPS203,,90.02152,9424,checkpoint_prefix,checkpoint,18
rv32i,19,1,42,1,13,1,0,8979921,4,64,2432,0,0,0,0,0,0,0,0,0,56096,19,keyGen,fips203/ML-KEM-keyGen,FIPS203,,89.79921,9424,checkpoint_prefix,checkpoint,19
rv32i,20,1,42,1,14,1,0,8983938,4,64,2432,0,0,0,0,0,0,0,0,0,56096,20,keyGen,fips203/ML-KEM-keyGen,FIPS203,,89.83938,9424,checkpoint_prefix,checkpoint,20
rv32i,21,1,42,1,15,1,0,9001958,4,64,2432,0,0,0,0,0,0,0,0,0,56096,21,keyGen,fips203/ML-KEM-keyGen,FIPS203,,90.01958,9424,checkpoint_prefix,checkpoint,21
rv32i,22,1,42,1,16,1,0,8986663,4,64,2432,0,0,0,0,0,0,0,0,0,56096,22,keyGen,fips203/ML-KEM-keyGen,FIPS203,,89.86663,9424,checkpoint_prefix,checkpoint,22
rv32i,23,1,42,1,17,1,0,9001406,4,64,2432,0,0,0,0,0,0,0,0,0,56096,23,keyGen,fips203/ML-KEM-keyGen,FIPS203,,90.01406,9424,checkpoint_prefix,checkpoint,23
rv32i,24,1,42,1,18,1,0,9001158,4,64,2432,0,0,0,0,0,0,0,0,0,56096,24,keyGen,fips203/ML-KEM-keyGen,FIPS203,,90.01158,9424,checkpoint_prefix,checkpoint,24
rv32i,25,1,42,1,19,1,0,8991819,4,64,2432,0,0,0,0,0,0,0,0,0,56096,25,keyGen,fips203/ML-KEM-keyGen,FIPS203,,89.91819,9424,resumed_batch,batch_025_032,0
rv32i,26,1,42,1,20,1,0,9620491,4,64,2432,0,0,0,0,0,0,0,0,0,56096,26,keyGen,fips203/ML-KEM-keyGen,FIPS203,,96.20491,9424,resumed_batch,batch_025_032,1
rv32i,27,1,42,1,21,1,0,8997455,4,64,2432,0,0,0,0,0,0,0,0,0,56096,27,keyGen,fips203/ML-KEM-keyGen,FIPS203,,89.97455,9424,resumed_batch,batch_025_032,2
rv32i,28,1,42,1,22,1,0,8973945,4,64,2432,0,0,0,0,0,0,0,0,0,56096,28,keyGen,fips203/ML-KEM-keyGen,FIPS203,,89.73945,9424,resumed_batch,batch_025_032,3
rv32i,29,1,42,1,23,1,0,8986332,4,64,2432,0,0,0,0,0,0,0,0,0,56096,29,keyGen,fips203/ML-KEM-keyGen,FIPS203,,89.86332,9424,resumed_batch,batch_025_032,4
rv32i,30,1,42,1,24,1,0,9622095,4,64,2432,0,0,0,0,0,0,0,0,0,56096,30,keyGen,fips203/ML-KEM-keyGen,FIPS203,,96.22095,9424,resumed_batch,batch_025_032,5
rv32i,31,1,42,1,25,1,0,8975133,4,64,2432,0,0,0,0,0,0,0,0,0,56096,31,keyGen,fips203/ML-KEM-keyGen,FIPS203,,89.75133,9424,resumed_batch,batch_025_032,6
rv32i,32,2,42,1,2,2,0,11761874,4,832,800,0,0,0,0,0,0,0,0,0,53408,32,encapsulation,fips203/ML-KEM-encapDecap,FIPS203,,117.61874,12112,resumed_batch,batch_025_032,7
rv32i,33,2,42,1,3,2,0,11742607,4,832,800,0,0,0,0,0,0,0,0,0,53408,33,encapsulation,fips203/ML-KEM-encapDecap,FIPS203,,117.42607,12112,resumed_batch,batch_033_040,0
rv32i,34,2,42,1,4,2,0,11726938,4,832,800,0,0,0,0,0,0,0,0,0,53408,34,encapsulation,fips203/ML-KEM-encapDecap,FIPS203,,117.26938,12112,resumed_batch,batch_033_040,1
rv32i,35,2,42,1,5,2,0,11731687,4,832,800,0,0,0,0,0,0,0,0,0,53408,35,encapsulation,fips203/ML-KEM-encapDecap,FIPS203,,117.31687,12112,resumed_batch,batch_033_040,2
rv32i,36,2,42,1,6,2,0,11727170,4,832,800,0,0,0,0,0,0,0,0,0,53408,36,encapsulation,fips203/ML-KEM-encapDecap,FIPS203,,117.2717,12112,resumed_batch,batch_033_040,3
rv32i,37,2,42,1,7,2,0,11763558,4,832,800,0,0,0,0,0,0,0,0,0,53408,37,encapsulation,fips203/ML-KEM-encapDecap,FIPS203,,117.63558,12112,resumed_batch,batch_033_040,4
rv32i,38,2,42,1,8,2,0,12389619,4,832,800,0,0,0,0,0,0,0,0,0,53408,38,encapsulation,fips203/ML-KEM-encapDecap,FIPS203,,123.89619,12112,resumed_batch,batch_033_040,5
rv32i,39,2,42,1,9,2,0,11752743,4,832,800,0,0,0,0,0,0,0,0,0,53408,39,encapsulation,fips203/ML-KEM-encapDecap,FIPS203,,117.52743,12112,resumed_batch,batch_033_040,6
rv32i,40,2,42,1,10,2,0,11744857,4,832,800,0,0,0,0,0,0,0,0,0,53408,40,encapsulation,fips203/ML-KEM-encapDecap,FIPS203,,117.44857,12112,resumed_batch,batch_033_040,7
rv32i,41,2,42,1,11,2,0,12392025,4,832,800,0,0,0,0,0,0,0,0,0,53408,41,encapsulation,fips203/ML-KEM-encapDecap,FIPS203,,123.92025,12112,resumed_batch,batch_041_048,0
rv32i,42,2,42,1,12,2,0,11753671,4,832,800,0,0,0,0,0,0,0,0,0,53408,42,encapsulation,fips203/ML-KEM-encapDecap,FIPS203,,117.53671,12112,resumed_batch,batch_041_048,1
rv32i,43,2,42,1,13,2,0,12333655,4,832,800,0,0,0,0,0,0,0,0,0,53408,43,encapsulation,fips203/ML-KEM-encapDecap,FIPS203,,123.33655,12112,resumed_batch,batch_041_048,2
rv32i,44,2,42,1,14,2,0,11751080,4,832,800,0,0,0,0,0,0,0,0,0,53408,44,encapsulation,fips203/ML-KEM-encapDecap,FIPS203,,117.5108,12112,resumed_batch,batch_041_048,3
rv32i,45,2,42,1,15,2,0,11758122,4,832,800,0,0,0,0,0,0,0,0,0,53408,45,encapsulation,fips203/ML-KEM-encapDecap,FIPS203,,117.58122,12112,resumed_batch,batch_041_048,4
rv32i,46,2,42,1,16,2,0,11715702,4,832,800,0,0,0,0,0,0,0,0,0,53408,46,encapsulation,fips203/ML-KEM-encapDecap,FIPS203,,117.15702,12112,resumed_batch,batch_041_048,5
rv32i,47,2,42,1,17,2,0,11751281,4,832,800,0,0,0,0,0,0,0,0,0,53408,47,encapsulation,fips203/ML-KEM-encapDecap,FIPS203,,117.51281,12112,resumed_batch,batch_041_048,6
rv32i,48,2,42,1,18,2,0,11744190,4,832,800,0,0,0,0,0,0,0,0,0,53408,48,encapsulation,fips203/ML-KEM-encapDecap,FIPS203,,117.4419,12112,resumed_batch,batch_041_048,7
rv32i,49,2,42,1,19,2,0,11775960,4,832,800,0,0,0,0,0,0,0,0,0,53408,49,encapsulation,fips203/ML-KEM-encapDecap,FIPS203,,117.7596,12112,resumed_batch,batch_049_056,0
rv32i,50,2,42,1,20,2,0,11721052,4,832,800,0,0,0,0,0,0,0,0,0,53408,50,encapsulation,fips203/ML-KEM-encapDecap,FIPS203,,117.21052,12112,resumed_batch,batch_049_056,1
rv32i,51,2,42,1,21,2,0,11745333,4,832,800,0,0,0,0,0,0,0,0,0,53408,51,encapsulation,fips203/ML-KEM-encapDecap,FIPS203,,117.45333,12112,resumed_batch,batch_049_056,2
rv32i,52,2,42,1,22,2,0,11772334,4,832,800,0,0,0,0,0,0,0,0,0,53408,52,encapsulation,fips203/ML-KEM-encapDecap,FIPS203,,117.72334,12112,resumed_batch,batch_049_056,3
rv32i,53,2,42,1,23,2,0,11746532,4,832,800,0,0,0,0,0,0,0,0,0,53408,53,encapsulation,fips203/ML-KEM-encapDecap,FIPS203,,117.46532,12112,resumed_batch,batch_049_056,4
rv32i,54,2,42,1,24,2,0,11713657,4,832,800,0,0,0,0,0,0,0,0,0,53408,54,encapsulation,fips203/ML-KEM-encapDecap,FIPS203,,117.13657,12112,resumed_batch,batch_049_056,5
rv32i,55,2,42,1,25,2,0,11745849,4,832,800,0,0,0,0,0,0,0,0,0,53408,55,encapsulation,fips203/ML-KEM-encapDecap,FIPS203,,117.45849,12112,resumed_batch,batch_049_056,6
rv32i,56,2,42,4,77,3,0,15699195,4,2400,32,0,0,0,0,0,0,0,0,0,52592,56,decapsulation,fips203/ML-KEM-encapDecap,FIPS203,True,156.99195,12928,resumed_batch,batch_049_056,7
rv32i,57,2,42,4,78,3,0,15748693,4,2400,32,0,0,0,0,0,0,0,0,0,52592,57,decapsulation,fips203/ML-KEM-encapDecap,FIPS203,True,157.48693,12928,resumed_batch,batch_057_064,0
rv32i,58,2,42,4,79,3,0,15780222,4,2400,32,0,0,0,0,0,0,0,0,0,52592,58,decapsulation,fips203/ML-KEM-encapDecap,FIPS203,False,157.80222,12928,resumed_batch,batch_057_064,1
rv32i,59,2,42,4,80,3,0,15715904,4,2400,32,0,0,0,0,0,0,0,0,0,52592,59,decapsulation,fips203/ML-KEM-encapDecap,FIPS203,False,157.15904,12928,resumed_batch,batch_057_064,2
rv32i,60,2,42,4,81,3,0,15790450,4,2400,32,0,0,0,0,0,0,0,0,0,52592,60,decapsulation,fips203/ML-KEM-encapDecap,FIPS203,False,157.9045,12928,resumed_batch,batch_057_064,3
rv32i,61,2,42,4,82,3,0,15736972,4,2400,32,0,0,0,0,0,0,0,0,0,52592,61,decapsulation,fips203/ML-KEM-encapDecap,FIPS203,True,157.36972,12928,resumed_batch,batch_057_064,4
rv32i,62,2,42,4,83,3,0,15733260,4,2400,32,0,0,0,0,0,0,0,0,0,52592,62,decapsulation,fips203/ML-KEM-encapDecap,FIPS203,True,157.3326,12928,resumed_batch,batch_057_064,5
rv32i,63,2,42,4,84,3,0,15746575,4,2400,32,0,0,0,0,0,0,0,0,0,52592,63,decapsulation,fips203/ML-KEM-encapDecap,FIPS203,False,157.46575,12928,resumed_batch,batch_057_064,6
rv32i,64,2,42,4,85,3,0,15731264,4,2400,32,0,0,0,0,0,0,0,0,0,52592,64,decapsulation,fips203/ML-KEM-encapDecap,FIPS203,False,157.31264,12928,resumed_batch,batch_057_064,7
rv32i,65,2,42,7,107,6,-5,941452,4,1632,0,0,0,0,0,0,0,0,0,0,64624,65,decapsulationKeyCheck,fips203/ML-KEM-encapDecap,FIPS203,,9.41452,896,resumed_batch,batch_065_072,0
rv32i,66,2,42,7,109,6,-5,941452,4,1632,0,0,0,0,0,0,0,0,0,0,64624,66,decapsulationKeyCheck,fips203/ML-KEM-encapDecap,FIPS203,,9.41452,896,resumed_batch,batch_065_072,1
rv32i,67,2,42,7,110,6,-5,941452,4,1632,0,0,0,0,0,0,0,0,0,0,64624,67,decapsulationKeyCheck,fips203/ML-KEM-encapDecap,FIPS203,,9.41452,896,resumed_batch,batch_065_072,2
rv32i,68,2,42,7,111,6,0,941441,4,1632,0,0,0,0,0,0,0,0,0,0,64624,68,decapsulationKeyCheck,fips203/ML-KEM-encapDecap,FIPS203,,9.41441,896,resumed_batch,batch_065_072,3
rv32i,69,2,42,7,112,6,0,941441,4,1632,0,0,0,0,0,0,0,0,0,0,64624,69,decapsulationKeyCheck,fips203/ML-KEM-encapDecap,FIPS203,,9.41441,896,resumed_batch,batch_065_072,4
rv32i,70,2,42,7,113,6,-5,941452,4,1632,0,0,0,0,0,0,0,0,0,0,64624,70,decapsulationKeyCheck,fips203/ML-KEM-encapDecap,FIPS203,,9.41452,896,resumed_batch,batch_065_072,5
rv32i,71,2,42,7,114,6,0,941441,4,1632,0,0,0,0,0,0,0,0,0,0,64624,71,decapsulationKeyCheck,fips203/ML-KEM-encapDecap,FIPS203,,9.41441,896,resumed_batch,batch_065_072,6
rv32i,72,2,42,7,115,6,0,941441,4,1632,0,0,0,0,0,0,0,0,0,0,64624,72,decapsulationKeyCheck,fips203/ML-KEM-encapDecap,FIPS203,,9.41441,896,resumed_batch,batch_065_072,7
rv32i,73,2,42,8,118,5,-4,154015,4,800,0,0,0,0,0,0,0,0,0,0,63504,73,encapsulationKeyCheck,fips203/ML-KEM-encapDecap,FIPS203,,1.54015,2016,resumed_batch,batch_073_080,0
rv32i,74,2,42,8,119,5,-4,154015,4,800,0,0,0,0,0,0,0,0,0,0,63504,74,encapsulationKeyCheck,fips203/ML-KEM-encapDecap,FIPS203,,1.54015,2016,resumed_batch,batch_073_080,1
rv32i,75,2,42,8,120,5,0,154004,4,800,0,0,0,0,0,0,0,0,0,0,63504,75,encapsulationKeyCheck,fips203/ML-KEM-encapDecap,FIPS203,,1.54004,2016,resumed_batch,batch_073_080,2
rv32i,76,2,42,8,121,5,0,154004,4,800,0,0,0,0,0,0,0,0,0,0,63504,76,encapsulationKeyCheck,fips203/ML-KEM-encapDecap,FIPS203,,1.54004,2016,resumed_batch,batch_073_080,3
rv32i,77,2,42,8,122,5,0,154004,4,800,0,0,0,0,0,0,0,0,0,0,63504,77,encapsulationKeyCheck,fips203/ML-KEM-encapDecap,FIPS203,,1.54004,2016,resumed_batch,batch_073_080,4
rv32i,78,2,42,8,123,5,-4,154015,4,800,0,0,0,0,0,0,0,0,0,0,63504,78,encapsulationKeyCheck,fips203/ML-KEM-encapDecap,FIPS203,,1.54015,2016,resumed_batch,batch_073_080,5
rv32i,79,2,42,8,124,5,0,154004,4,800,0,0,0,0,0,0,0,0,0,0,63504,79,encapsulationKeyCheck,fips203/ML-KEM-encapDecap,FIPS203,,1.54004,2016,resumed_batch,batch_073_080,6
rv32i,80,2,42,8,125,5,-4,154015,4,800,0,0,0,0,0,0,0,0,0,0,63504,80,encapsulationKeyCheck,fips203/ML-KEM-encapDecap,FIPS203,,1.54015,2016,resumed_batch,batch_073_080,7
rv32i,81,3,42,1,1,2,0,11732417,4,832,800,0,0,0,0,0,0,0,0,0,53408,81,encapsulation,fips203-tr1/ML-KEM-encapDecap,FIPS203-tr1,,117.32417,12112,resumed_batch,batch_081_088,0
rv32i,82,3,42,1,2,2,0,12377000,4,832,800,0,0,0,0,0,0,0,0,0,53408,82,encapsulation,fips203-tr1/ML-KEM-encapDecap,FIPS203-tr1,,123.77,12112,resumed_batch,batch_081_088,1
rv32i,83,3,42,1,3,2,0,11755584,4,832,800,0,0,0,0,0,0,0,0,0,53408,83,encapsulation,fips203-tr1/ML-KEM-encapDecap,FIPS203-tr1,,117.55584,12112,resumed_batch,batch_081_088,2
rv32i,84,3,42,1,4,2,0,11718341,4,832,800,0,0,0,0,0,0,0,0,0,53408,84,encapsulation,fips203-tr1/ML-KEM-encapDecap,FIPS203-tr1,,117.18341,12112,resumed_batch,batch_081_088,3
rv32i,85,3,42,1,5,2,0,11765175,4,832,800,0,0,0,0,0,0,0,0,0,53408,85,encapsulation,fips203-tr1/ML-KEM-encapDecap,FIPS203-tr1,,117.65175,12112,resumed_batch,batch_081_088,4
rv32i,86,3,42,1,6,2,0,11726345,4,832,800,0,0,0,0,0,0,0,0,0,53408,86,encapsulation,fips203-tr1/ML-KEM-encapDecap,FIPS203-tr1,,117.26345,12112,resumed_batch,batch_081_088,5
rv32i,87,3,42,1,7,2,0,11780251,4,832,800,0,0,0,0,0,0,0,0,0,53408,87,encapsulation,fips203-tr1/ML-KEM-encapDecap,FIPS203-tr1,,117.80251,12112,resumed_batch,batch_081_088,6
rv32i,88,3,42,1,8,2,0,11733570,4,832,800,0,0,0,0,0,0,0,0,0,53408,88,encapsulation,fips203-tr1/ML-KEM-encapDecap,FIPS203-tr1,,117.3357,12112,resumed_batch,batch_081_088,7
rv32i,89,3,42,1,9,2,0,11754889,4,832,800,0,0,0,0,0,0,0,0,0,53408,89,encapsulation,fips203-tr1/ML-KEM-encapDecap,FIPS203-tr1,,117.54889,12112,resumed_batch,batch_089_096,0
rv32i,90,3,42,1,10,2,0,11757902,4,832,800,0,0,0,0,0,0,0,0,0,53408,90,encapsulation,fips203-tr1/ML-KEM-encapDecap,FIPS203-tr1,,117.57902,12112,resumed_batch,batch_089_096,1
rv32i,91,3,42,1,11,2,0,11762548,4,832,800,0,0,0,0,0,0,0,0,0,53408,91,encapsulation,fips203-tr1/ML-KEM-encapDecap,FIPS203-tr1,,117.62548,12112,resumed_batch,batch_089_096,2
rv32i,92,3,42,1,12,2,0,11765918,4,832,800,0,0,0,0,0,0,0,0,0,53408,92,encapsulation,fips203-tr1/ML-KEM-encapDecap,FIPS203-tr1,,117.65918,12112,resumed_batch,batch_089_096,3
rv32i,93,3,42,1,13,2,0,11742486,4,832,800,0,0,0,0,0,0,0,0,0,53408,93,encapsulation,fips203-tr1/ML-KEM-encapDecap,FIPS203-tr1,,117.42486,12112,resumed_batch,batch_089_096,4
rv32i,94,3,42,1,14,2,0,11752255,4,832,800,0,0,0,0,0,0,0,0,0,53408,94,encapsulation,fips203-tr1/ML-KEM-encapDecap,FIPS203-tr1,,117.52255,12112,resumed_batch,batch_089_096,5
rv32i,95,3,42,1,15,2,0,11785225,4,832,800,0,0,0,0,0,0,0,0,0,53408,95,encapsulation,fips203-tr1/ML-KEM-encapDecap,FIPS203-tr1,,117.85225,12112,resumed_batch,batch_089_096,6
rv32i,96,3,42,1,16,2,0,11706746,4,832,800,0,0,0,0,0,0,0,0,0,53408,96,encapsulation,fips203-tr1/ML-KEM-encapDecap,FIPS203-tr1,,117.06746,12112,resumed_batch,batch_089_096,7
rv32i,97,3,42,1,17,2,0,11748649,4,832,800,0,0,0,0,0,0,0,0,0,53408,97,encapsulation,fips203-tr1/ML-KEM-encapDecap,FIPS203-tr1,,117.48649,12112,resumed_batch,batch_097_104,0
rv32i,98,3,42,1,18,2,0,11749620,4,832,800,0,0,0,0,0,0,0,0,0,53408,98,encapsulation,fips203-tr1/ML-KEM-encapDecap,FIPS203-tr1,,117.4962,12112,resumed_batch,batch_097_104,1
rv32i,99,3,42,1,19,2,0,11752324,4,832,800,0,0,0,0,0,0,0,0,0,53408,99,encapsulation,fips203-tr1/ML-KEM-encapDecap,FIPS203-tr1,,117.52324,12112,resumed_batch,batch_097_104,2
rv32i,100,3,42,1,20,2,0,11763845,4,832,800,0,0,0,0,0,0,0,0,0,53408,100,encapsulation,fips203-tr1/ML-KEM-encapDecap,FIPS203-tr1,,117.63845,12112,resumed_batch,batch_097_104,3
rv32i,101,3,42,1,21,2,0,11768504,4,832,800,0,0,0,0,0,0,0,0,0,53408,101,encapsulation,fips203-tr1/ML-KEM-encapDecap,FIPS203-tr1,,117.68504,12112,resumed_batch,batch_097_104,4
rv32i,102,3,42,1,22,2,0,11767463,4,832,800,0,0,0,0,0,0,0,0,0,53408,102,encapsulation,fips203-tr1/ML-KEM-encapDecap,FIPS203-tr1,,117.67463,12112,resumed_batch,batch_097_104,5
rv32i,103,3,42,1,23,2,0,11738774,4,832,800,0,0,0,0,0,0,0,0,0,53408,103,encapsulation,fips203-tr1/ML-KEM-encapDecap,FIPS203-tr1,,117.38774,12112,resumed_batch,batch_097_104,6
rv32i,104,3,42,1,24,2,0,11769129,4,832,800,0,0,0,0,0,0,0,0,0,53408,104,encapsulation,fips203-tr1/ML-KEM-encapDecap,FIPS203-tr1,,117.69129,12112,resumed_batch,batch_097_104,7
rv32i,105,3,42,1,25,2,0,11746705,4,832,800,0,0,0,0,0,0,0,0,0,53408,105,encapsulation,fips203-tr1/ML-KEM-encapDecap,FIPS203-tr1,,117.46705,12112,resumed_batch,batch_105_112,0
rv32i,106,3,42,4,77,4,0,24703417,4,832,32,0,0,0,0,0,0,0,0,0,52592,106,decapsulationSeed,fips203-tr1/ML-KEM-encapDecap,FIPS203-tr1,True,247.03417,12928,resumed_batch,batch_105_112,1
rv32i,107,3,42,4,78,4,0,24771105,4,832,32,0,0,0,0,0,0,0,0,0,52592,107,decapsulationSeed,fips203-tr1/ML-KEM-encapDecap,FIPS203-tr1,True,247.71105,12928,resumed_batch,batch_105_112,2
rv32i,108,3,42,4,79,4,0,24761395,4,832,32,0,0,0,0,0,0,0,0,0,52592,108,decapsulationSeed,fips203-tr1/ML-KEM-encapDecap,FIPS203-tr1,True,247.61395,12928,resumed_batch,batch_105_112,3
rv32i,109,3,42,4,80,4,0,24773221,4,832,32,0,0,0,0,0,0,0,0,0,52592,109,decapsulationSeed,fips203-tr1/ML-KEM-encapDecap,FIPS203-tr1,False,247.73221,12928,resumed_batch,batch_105_112,4
rv32i,110,3,42,4,81,4,0,24720575,4,832,32,0,0,0,0,0,0,0,0,0,52592,110,decapsulationSeed,fips203-tr1/ML-KEM-encapDecap,FIPS203-tr1,True,247.20575,12928,resumed_batch,batch_105_112,5
rv32i,111,3,42,4,82,4,0,24698703,4,832,32,0,0,0,0,0,0,0,0,0,52592,111,decapsulationSeed,fips203-tr1/ML-KEM-encapDecap,FIPS203-tr1,False,246.98703,12928,resumed_batch,batch_105_112,6
rv32i,112,3,42,4,83,4,0,24762106,4,832,32,0,0,0,0,0,0,0,0,0,52592,112,decapsulationSeed,fips203-tr1/ML-KEM-encapDecap,FIPS203-tr1,True,247.62106,12928,resumed_batch,batch_105_112,7
rv32i,113,3,42,4,84,4,0,24716891,4,832,32,0,0,0,0,0,0,0,0,0,52592,113,decapsulationSeed,fips203-tr1/ML-KEM-encapDecap,FIPS203-tr1,False,247.16891,12928,resumed_batch,batch_113_120,0
rv32i,114,3,42,4,85,4,0,24693338,4,832,32,0,0,0,0,0,0,0,0,0,52592,114,decapsulationSeed,fips203-tr1/ML-KEM-encapDecap,FIPS203-tr1,False,246.93338,12928,resumed_batch,batch_113_120,1
rv32i,115,3,42,5,86,3,0,15722125,4,2400,32,0,0,0,0,0,0,0,0,0,52592,115,decapsulation,fips203-tr1/ML-KEM-encapDecap,FIPS203-tr1,True,157.22125,12928,resumed_batch,batch_113_120,2
rv32i,116,3,42,5,87,3,0,15734978,4,2400,32,0,0,0,0,0,0,0,0,0,52592,116,decapsulation,fips203-tr1/ML-KEM-encapDecap,FIPS203-tr1,True,157.34978,12928,resumed_batch,batch_113_120,3
rv32i,117,3,42,5,88,3,0,15717604,4,2400,32,0,0,0,0,0,0,0,0,0,52592,117,decapsulation,fips203-tr1/ML-KEM-encapDecap,FIPS203-tr1,False,157.17604,12928,resumed_batch,batch_113_120,4
rv32i,118,3,42,5,89,3,0,15749217,4,2400,32,0,0,0,0,0,0,0,0,0,52592,118,decapsulation,fips203-tr1/ML-KEM-encapDecap,FIPS203-tr1,True,157.49217,12928,resumed_batch,batch_113_120,5
rv32i,119,3,42,5,90,3,0,15778320,4,2400,32,0,0,0,0,0,0,0,0,0,52592,119,decapsulation,fips203-tr1/ML-KEM-encapDecap,FIPS203-tr1,False,157.7832,12928,resumed_batch,batch_113_120,6
rv32i,120,3,42,5,91,3,0,15735642,4,2400,32,0,0,0,0,0,0,0,0,0,52592,120,decapsulation,fips203-tr1/ML-KEM-encapDecap,FIPS203-tr1,False,157.35642,12928,resumed_batch,batch_113_120,7
rv32i,121,3,42,5,92,3,0,15774911,4,2400,32,0,0,0,0,0,0,0,0,0,52592,121,decapsulation,fips203-tr1/ML-KEM-encapDecap,FIPS203-tr1,True,157.74911,12928,resumed_batch,batch_121_128,0
rv32i,122,3,42,5,93,3,0,15730805,4,2400,32,0,0,0,0,0,0,0,0,0,52592,122,decapsulation,fips203-tr1/ML-KEM-encapDecap,FIPS203-tr1,False,157.30805,12928,resumed_batch,batch_121_128,1
rv32i,123,3,42,5,94,3,0,15719508,4,2400,32,0,0,0,0,0,0,0,0,0,52592,123,decapsulation,fips203-tr1/ML-KEM-encapDecap,FIPS203-tr1,True,157.19508,12928,resumed_batch,batch_121_128,2
rv32i,124,3,42,5,95,3,0,15776944,4,2400,32,0,0,0,0,0,0,0,0,0,52592,124,decapsulation,fips203-tr1/ML-KEM-encapDecap,FIPS203-tr1,False,157.76944,12928,resumed_batch,batch_121_128,3
rv32i,125,3,42,10,136,6,0,941441,4,1632,0,0,0,0,0,0,0,0,0,0,64624,125,decapsulationKeyCheck,fips203-tr1/ML-KEM-encapDecap,FIPS203-tr1,,9.41441,896,resumed_batch,batch_121_128,4
rv32i,126,3,42,10,137,6,-5,941452,4,1632,0,0,0,0,0,0,0,0,0,0,64624,126,decapsulationKeyCheck,fips203-tr1/ML-KEM-encapDecap,FIPS203-tr1,,9.41452,896,resumed_batch,batch_121_128,5
rv32i,127,3,42,10,138,6,-5,941452,4,1632,0,0,0,0,0,0,0,0,0,0,64624,127,decapsulationKeyCheck,fips203-tr1/ML-KEM-encapDecap,FIPS203-tr1,,9.41452,896,resumed_batch,batch_121_128,6
rv32i,128,3,42,10,139,6,-5,941452,4,1632,0,0,0,0,0,0,0,0,0,0,64624,128,decapsulationKeyCheck,fips203-tr1/ML-KEM-encapDecap,FIPS203-tr1,,9.41452,896,resumed_batch,batch_121_128,7
rv32i,129,3,42,10,140,6,0,941441,4,1632,0,0,0,0,0,0,0,0,0,0,64624,129,decapsulationKeyCheck,fips203-tr1/ML-KEM-encapDecap,FIPS203-tr1,,9.41441,896,resumed_batch,batch_129_136,0
rv32i,130,3,42,10,141,6,0,941441,4,1632,0,0,0,0,0,0,0,0,0,0,64624,130,decapsulationKeyCheck,fips203-tr1/ML-KEM-encapDecap,FIPS203-tr1,,9.41441,896,resumed_batch,batch_129_136,1
rv32i,131,3,42,10,142,6,0,941441,4,1632,0,0,0,0,0,0,0,0,0,0,64624,131,decapsulationKeyCheck,fips203-tr1/ML-KEM-encapDecap,FIPS203-tr1,,9.41441,896,resumed_batch,batch_129_136,2
rv32i,132,3,42,10,143,6,-5,941452,4,1632,0,0,0,0,0,0,0,0,0,0,64624,132,decapsulationKeyCheck,fips203-tr1/ML-KEM-encapDecap,FIPS203-tr1,,9.41452,896,resumed_batch,batch_129_136,3
rv32i,133,3,42,10,144,6,0,941441,4,1632,0,0,0,0,0,0,0,0,0,0,64624,133,decapsulationKeyCheck,fips203-tr1/ML-KEM-encapDecap,FIPS203-tr1,,9.41441,896,resumed_batch,batch_129_136,4
rv32i,134,3,42,10,145,6,-5,941452,4,1632,0,0,0,0,0,0,0,0,0,0,64624,134,decapsulationKeyCheck,fips203-tr1/ML-KEM-encapDecap,FIPS203-tr1,,9.41452,896,resumed_batch,batch_129_136,5
rv32i,135,3,42,11,146,5,-4,154015,4,800,0,0,0,0,0,0,0,0,0,0,63504,135,encapsulationKeyCheck,fips203-tr1/ML-KEM-encapDecap,FIPS203-tr1,,1.54015,2016,resumed_batch,batch_129_136,6
rv32i,136,3,42,11,147,5,0,154004,4,800,0,0,0,0,0,0,0,0,0,0,63504,136,encapsulationKeyCheck,fips203-tr1/ML-KEM-encapDecap,FIPS203-tr1,,1.54004,2016,resumed_batch,batch_129_136,7
rv32i,137,3,42,11,148,5,-4,154015,4,800,0,0,0,0,0,0,0,0,0,0,63504,137,encapsulationKeyCheck,fips203-tr1/ML-KEM-encapDecap,FIPS203-tr1,,1.54015,2016,resumed_batch,batch_137_144,0
rv32i,138,3,42,11,149,5,0,154004,4,800,0,0,0,0,0,0,0,0,0,0,63504,138,encapsulationKeyCheck,fips203-tr1/ML-KEM-encapDecap,FIPS203-tr1,,1.54004,2016,resumed_batch,batch_137_144,1
rv32i,139,3,42,11,150,5,0,154004,4,800,0,0,0,0,0,0,0,0,0,0,63504,139,encapsulationKeyCheck,fips203-tr1/ML-KEM-encapDecap,FIPS203-tr1,,1.54004,2016,resumed_batch,batch_137_144,2
rv32i,140,3,42,11,151,5,-4,154015,4,800,0,0,0,0,0,0,0,0,0,0,63504,140,encapsulationKeyCheck,fips203-tr1/ML-KEM-encapDecap,FIPS203-tr1,,1.54015,2016,resumed_batch,batch_137_144,3
rv32i,141,3,42,11,152,5,-4,154015,4,800,0,0,0,0,0,0,0,0,0,0,63504,141,encapsulationKeyCheck,fips203-tr1/ML-KEM-encapDecap,FIPS203-tr1,,1.54015,2016,resumed_batch,batch_137_144,4
rv32i,142,3,42,11,153,5,0,154004,4,800,0,0,0,0,0,0,0,0,0,0,63504,142,encapsulationKeyCheck,fips203-tr1/ML-KEM-encapDecap,FIPS203-tr1,,1.54004,2016,resumed_batch,batch_137_144,5
rv32i,143,3,42,11,154,5,0,154004,4,800,0,0,0,0,0,0,0,0,0,0,63504,143,encapsulationKeyCheck,fips203-tr1/ML-KEM-encapDecap,FIPS203-tr1,,1.54004,2016,resumed_batch,batch_137_144,6
rv32i,144,3,42,11,155,5,-4,154015,4,800,0,0,0,0,0,0,0,0,0,0,63504,144,encapsulationKeyCheck,fips203-tr1/ML-KEM-encapDecap,FIPS203-tr1,,1.54015,2016,resumed_batch,batch_137_144,7
rv32im_iterative,0,1,42,1,1,1,0,5812583,4,64,2432,18176,18176,0,0,0,0,0,0,0,56096,0,keyGen,fips203/ML-KEM-keyGen,FIPS203,,58.12583,9424,checkpoint_prefix,checkpoint,0
rv32im_iterative,1,2,42,1,1,2,0,6578099,4,832,800,30336,29824,0,0,512,0,0,0,0,53408,1,encapsulation,fips203/ML-KEM-encapDecap,FIPS203,,65.78099,12112,checkpoint_prefix,checkpoint,1
rv32im_iterative,2,2,42,4,76,3,0,8443590,4,2400,32,43776,43264,0,0,512,0,0,0,0,52592,2,decapsulation,fips203/ML-KEM-encapDecap,FIPS203,True,84.4359,12928,checkpoint_prefix,checkpoint,2
rv32im_iterative,3,3,42,4,76,4,0,14257242,4,832,32,61952,61440,0,0,512,0,0,0,0,52592,3,decapsulationSeed,fips203-tr1/ML-KEM-encapDecap,FIPS203-tr1,False,142.57242,12928,checkpoint_prefix,checkpoint,3
rv32im_iterative,4,2,42,8,116,5,0,163748,4,800,0,1024,1024,0,0,0,0,0,0,0,63504,4,encapsulationKeyCheck,fips203/ML-KEM-encapDecap,FIPS203,,1.63748,2016,checkpoint_prefix,checkpoint,4
rv32im_iterative,5,2,42,7,106,6,-5,941452,4,1632,0,0,0,0,0,0,0,0,0,0,64624,5,decapsulationKeyCheck,fips203/ML-KEM-encapDecap,FIPS203,,9.41452,896,checkpoint_prefix,checkpoint,5
rv32im_iterative,6,2,42,8,117,5,-4,163759,4,800,0,1024,1024,0,0,0,0,0,0,0,63504,6,encapsulationKeyCheck,fips203/ML-KEM-encapDecap,FIPS203,,1.63759,2016,checkpoint_prefix,checkpoint,6
rv32im_iterative,7,2,42,7,108,6,0,941441,4,1632,0,0,0,0,0,0,0,0,0,0,64624,7,decapsulationKeyCheck,fips203/ML-KEM-encapDecap,FIPS203,,9.41441,896,checkpoint_prefix,checkpoint,7
rv32im_iterative,8,1,42,1,2,1,0,5813792,4,64,2432,18176,18176,0,0,0,0,0,0,0,56096,8,keyGen,fips203/ML-KEM-keyGen,FIPS203,,58.13792,9424,checkpoint_prefix,checkpoint,8
rv32im_iterative,9,1,42,1,3,1,0,5811101,4,64,2432,18176,18176,0,0,0,0,0,0,0,56096,9,keyGen,fips203/ML-KEM-keyGen,FIPS203,,58.11101,9424,checkpoint_prefix,checkpoint,9
rv32im_iterative,10,1,42,1,4,1,0,5810814,4,64,2432,18176,18176,0,0,0,0,0,0,0,56096,10,keyGen,fips203/ML-KEM-keyGen,FIPS203,,58.10814,9424,checkpoint_prefix,checkpoint,10
rv32im_iterative,11,1,42,1,5,1,0,5812547,4,64,2432,18176,18176,0,0,0,0,0,0,0,56096,11,keyGen,fips203/ML-KEM-keyGen,FIPS203,,58.12547,9424,checkpoint_prefix,checkpoint,11
rv32im_iterative,12,1,42,1,6,1,0,5811122,4,64,2432,18176,18176,0,0,0,0,0,0,0,56096,12,keyGen,fips203/ML-KEM-keyGen,FIPS203,,58.11122,9424,checkpoint_prefix,checkpoint,12
rv32im_iterative,13,1,42,1,7,1,0,6438543,4,64,2432,18176,18176,0,0,0,0,0,0,0,56096,13,keyGen,fips203/ML-KEM-keyGen,FIPS203,,64.38543,9424,checkpoint_prefix,checkpoint,13
rv32im_iterative,14,1,42,1,8,1,0,5812974,4,64,2432,18176,18176,0,0,0,0,0,0,0,56096,14,keyGen,fips203/ML-KEM-keyGen,FIPS203,,58.12974,9424,checkpoint_prefix,checkpoint,14
rv32im_iterative,15,1,42,1,9,1,0,5810588,4,64,2432,18176,18176,0,0,0,0,0,0,0,56096,15,keyGen,fips203/ML-KEM-keyGen,FIPS203,,58.10588,9424,checkpoint_prefix,checkpoint,15
rv32im_iterative,16,1,42,1,10,1,0,5812117,4,64,2432,18176,18176,0,0,0,0,0,0,0,56096,16,keyGen,fips203/ML-KEM-keyGen,FIPS203,,58.12117,9424,checkpoint_prefix,checkpoint,16
rv32im_iterative,17,1,42,1,11,1,0,5811350,4,64,2432,18176,18176,0,0,0,0,0,0,0,56096,17,keyGen,fips203/ML-KEM-keyGen,FIPS203,,58.1135,9424,checkpoint_prefix,checkpoint,17
rv32im_iterative,18,1,42,1,12,1,0,5811788,4,64,2432,18176,18176,0,0,0,0,0,0,0,56096,18,keyGen,fips203/ML-KEM-keyGen,FIPS203,,58.11788,9424,checkpoint_prefix,checkpoint,18
rv32im_iterative,19,1,42,1,13,1,0,5811313,4,64,2432,18176,18176,0,0,0,0,0,0,0,56096,19,keyGen,fips203/ML-KEM-keyGen,FIPS203,,58.11313,9424,checkpoint_prefix,checkpoint,19
rv32im_iterative,20,1,42,1,14,1,0,5813774,4,64,2432,18176,18176,0,0,0,0,0,0,0,56096,20,keyGen,fips203/ML-KEM-keyGen,FIPS203,,58.13774,9424,checkpoint_prefix,checkpoint,20
rv32im_iterative,21,1,42,1,15,1,0,5812143,4,64,2432,18176,18176,0,0,0,0,0,0,0,56096,21,keyGen,fips203/ML-KEM-keyGen,FIPS203,,58.12143,9424,checkpoint_prefix,checkpoint,21
rv32im_iterative,22,1,42,1,16,1,0,5812819,4,64,2432,18176,18176,0,0,0,0,0,0,0,56096,22,keyGen,fips203/ML-KEM-keyGen,FIPS203,,58.12819,9424,checkpoint_prefix,checkpoint,22
rv32im_iterative,23,1,42,1,17,1,0,5813773,4,64,2432,18176,18176,0,0,0,0,0,0,0,56096,23,keyGen,fips203/ML-KEM-keyGen,FIPS203,,58.13773,9424,checkpoint_prefix,checkpoint,23
rv32im_iterative,24,1,42,1,18,1,0,5811695,4,64,2432,18176,18176,0,0,0,0,0,0,0,56096,24,keyGen,fips203/ML-KEM-keyGen,FIPS203,,58.11695,9424,checkpoint_prefix,checkpoint,24
rv32im_iterative,25,1,42,1,19,1,0,5813004,4,64,2432,18176,18176,0,0,0,0,0,0,0,56096,25,keyGen,fips203/ML-KEM-keyGen,FIPS203,,58.13004,9424,checkpoint_prefix,checkpoint,25
rv32im_iterative,26,1,42,1,20,1,0,6437534,4,64,2432,18176,18176,0,0,0,0,0,0,0,56096,26,keyGen,fips203/ML-KEM-keyGen,FIPS203,,64.37534,9424,checkpoint_prefix,checkpoint,26
rv32im_iterative,27,1,42,1,21,1,0,5812716,4,64,2432,18176,18176,0,0,0,0,0,0,0,56096,27,keyGen,fips203/ML-KEM-keyGen,FIPS203,,58.12716,9424,checkpoint_prefix,checkpoint,27
rv32im_iterative,28,1,42,1,22,1,0,5813306,4,64,2432,18176,18176,0,0,0,0,0,0,0,56096,28,keyGen,fips203/ML-KEM-keyGen,FIPS203,,58.13306,9424,checkpoint_prefix,checkpoint,28
rv32im_iterative,29,1,42,1,23,1,0,5811619,4,64,2432,18176,18176,0,0,0,0,0,0,0,56096,29,keyGen,fips203/ML-KEM-keyGen,FIPS203,,58.11619,9424,checkpoint_prefix,checkpoint,29
rv32im_iterative,30,1,42,1,24,1,0,6439007,4,64,2432,18176,18176,0,0,0,0,0,0,0,56096,30,keyGen,fips203/ML-KEM-keyGen,FIPS203,,64.39007,9424,checkpoint_prefix,checkpoint,30
rv32im_iterative,31,1,42,1,25,1,0,5812677,4,64,2432,18176,18176,0,0,0,0,0,0,0,56096,31,keyGen,fips203/ML-KEM-keyGen,FIPS203,,58.12677,9424,resumed_batch,batch_031_038,0
rv32im_iterative,32,2,42,1,2,2,0,6577884,4,832,800,30336,29824,0,0,512,0,0,0,0,53408,32,encapsulation,fips203/ML-KEM-encapDecap,FIPS203,,65.77884,12112,resumed_batch,batch_031_038,1
rv32im_iterative,33,2,42,1,3,2,0,6578603,4,832,800,30336,29824,0,0,512,0,0,0,0,53408,33,encapsulation,fips203/ML-KEM-encapDecap,FIPS203,,65.78603,12112,resumed_batch,batch_031_038,2
rv32im_iterative,34,2,42,1,4,2,0,6577953,4,832,800,30336,29824,0,0,512,0,0,0,0,53408,34,encapsulation,fips203/ML-KEM-encapDecap,FIPS203,,65.77953,12112,resumed_batch,batch_031_038,3
rv32im_iterative,35,2,42,1,5,2,0,6579073,4,832,800,30336,29824,0,0,512,0,0,0,0,53408,35,encapsulation,fips203/ML-KEM-encapDecap,FIPS203,,65.79073,12112,resumed_batch,batch_031_038,4
rv32im_iterative,36,2,42,1,6,2,0,6577735,4,832,800,30336,29824,0,0,512,0,0,0,0,53408,36,encapsulation,fips203/ML-KEM-encapDecap,FIPS203,,65.77735,12112,resumed_batch,batch_031_038,5
rv32im_iterative,37,2,42,1,7,2,0,6578199,4,832,800,30336,29824,0,0,512,0,0,0,0,53408,37,encapsulation,fips203/ML-KEM-encapDecap,FIPS203,,65.78199,12112,resumed_batch,batch_031_038,6
rv32im_iterative,38,2,42,1,8,2,0,7203887,4,832,800,30336,29824,0,0,512,0,0,0,0,53408,38,encapsulation,fips203/ML-KEM-encapDecap,FIPS203,,72.03887,12112,resumed_batch,batch_031_038,7
rv32im_iterative,39,2,42,1,9,2,0,6579485,4,832,800,30336,29824,0,0,512,0,0,0,0,53408,39,encapsulation,fips203/ML-KEM-encapDecap,FIPS203,,65.79485,12112,resumed_batch,batch_039_046,0
rv32im_iterative,40,2,42,1,10,2,0,6579319,4,832,800,30336,29824,0,0,512,0,0,0,0,53408,40,encapsulation,fips203/ML-KEM-encapDecap,FIPS203,,65.79319,12112,resumed_batch,batch_039_046,1
rv32im_iterative,41,2,42,1,11,2,0,7204061,4,832,800,30336,29824,0,0,512,0,0,0,0,53408,41,encapsulation,fips203/ML-KEM-encapDecap,FIPS203,,72.04061,12112,resumed_batch,batch_039_046,2
rv32im_iterative,42,2,42,1,12,2,0,6579707,4,832,800,30336,29824,0,0,512,0,0,0,0,53408,42,encapsulation,fips203/ML-KEM-encapDecap,FIPS203,,65.79707,12112,resumed_batch,batch_039_046,3
rv32im_iterative,43,2,42,1,13,2,0,7203616,4,832,800,30336,29824,0,0,512,0,0,0,0,53408,43,encapsulation,fips203/ML-KEM-encapDecap,FIPS203,,72.03616,12112,resumed_batch,batch_039_046,4
rv32im_iterative,44,2,42,1,14,2,0,6578642,4,832,800,30336,29824,0,0,512,0,0,0,0,53408,44,encapsulation,fips203/ML-KEM-encapDecap,FIPS203,,65.78642,12112,resumed_batch,batch_039_046,5
rv32im_iterative,45,2,42,1,15,2,0,6577930,4,832,800,30336,29824,0,0,512,0,0,0,0,53408,45,encapsulation,fips203/ML-KEM-encapDecap,FIPS203,,65.7793,12112,resumed_batch,batch_039_046,6
rv32im_iterative,46,2,42,1,16,2,0,6579017,4,832,800,30336,29824,0,0,512,0,0,0,0,53408,46,encapsulation,fips203/ML-KEM-encapDecap,FIPS203,,65.79017,12112,resumed_batch,batch_039_046,7
rv32im_iterative,47,2,42,1,17,2,0,6577616,4,832,800,30336,29824,0,0,512,0,0,0,0,53408,47,encapsulation,fips203/ML-KEM-encapDecap,FIPS203,,65.77616,12112,resumed_batch,batch_047_054,0
rv32im_iterative,48,2,42,1,18,2,0,6577187,4,832,800,30336,29824,0,0,512,0,0,0,0,53408,48,encapsulation,fips203/ML-KEM-encapDecap,FIPS203,,65.77187,12112,resumed_batch,batch_047_054,1
rv32im_iterative,49,2,42,1,19,2,0,6579823,4,832,800,30336,29824,0,0,512,0,0,0,0,53408,49,encapsulation,fips203/ML-KEM-encapDecap,FIPS203,,65.79823,12112,resumed_batch,batch_047_054,2
rv32im_iterative,50,2,42,1,20,2,0,6578444,4,832,800,30336,29824,0,0,512,0,0,0,0,53408,50,encapsulation,fips203/ML-KEM-encapDecap,FIPS203,,65.78444,12112,resumed_batch,batch_047_054,3
rv32im_iterative,51,2,42,1,21,2,0,6579144,4,832,800,30336,29824,0,0,512,0,0,0,0,53408,51,encapsulation,fips203/ML-KEM-encapDecap,FIPS203,,65.79144,12112,resumed_batch,batch_047_054,4
rv32im_iterative,52,2,42,1,22,2,0,6579040,4,832,800,30336,29824,0,0,512,0,0,0,0,53408,52,encapsulation,fips203/ML-KEM-encapDecap,FIPS203,,65.7904,12112,resumed_batch,batch_047_054,5
rv32im_iterative,53,2,42,1,23,2,0,6579448,4,832,800,30336,29824,0,0,512,0,0,0,0,53408,53,encapsulation,fips203/ML-KEM-encapDecap,FIPS203,,65.79448,12112,resumed_batch,batch_047_054,6
rv32im_iterative,54,2,42,1,24,2,0,6579035,4,832,800,30336,29824,0,0,512,0,0,0,0,53408,54,encapsulation,fips203/ML-KEM-encapDecap,FIPS203,,65.79035,12112,resumed_batch,batch_047_054,7
rv32im_iterative,55,2,42,1,25,2,0,6579528,4,832,800,30336,29824,0,0,512,0,0,0,0,53408,55,encapsulation,fips203/ML-KEM-encapDecap,FIPS203,,65.79528,12112,resumed_batch,batch_055_062,0
rv32im_iterative,56,2,42,4,77,3,0,8440395,4,2400,32,43776,43264,0,0,512,0,0,0,0,52592,56,decapsulation,fips203/ML-KEM-encapDecap,FIPS203,True,84.40395,12928,resumed_batch,batch_055_062,1
rv32im_iterative,57,2,42,4,78,3,0,8443919,4,2400,32,43776,43264,0,0,512,0,0,0,0,52592,57,decapsulation,fips203/ML-KEM-encapDecap,FIPS203,True,84.43919,12928,resumed_batch,batch_055_062,2
rv32im_iterative,58,2,42,4,79,3,0,8442768,4,2400,32,43776,43264,0,0,512,0,0,0,0,52592,58,decapsulation,fips203/ML-KEM-encapDecap,FIPS203,False,84.42768,12928,resumed_batch,batch_055_062,3
rv32im_iterative,59,2,42,4,80,3,0,8441354,4,2400,32,43776,43264,0,0,512,0,0,0,0,52592,59,decapsulation,fips203/ML-KEM-encapDecap,FIPS203,False,84.41354,12928,resumed_batch,batch_055_062,4
rv32im_iterative,60,2,42,4,81,3,0,8441969,4,2400,32,43776,43264,0,0,512,0,0,0,0,52592,60,decapsulation,fips203/ML-KEM-encapDecap,FIPS203,False,84.41969,12928,resumed_batch,batch_055_062,5
rv32im_iterative,61,2,42,4,82,3,0,8442239,4,2400,32,43776,43264,0,0,512,0,0,0,0,52592,61,decapsulation,fips203/ML-KEM-encapDecap,FIPS203,True,84.42239,12928,resumed_batch,batch_055_062,6
rv32im_iterative,62,2,42,4,83,3,0,8441266,4,2400,32,43776,43264,0,0,512,0,0,0,0,52592,62,decapsulation,fips203/ML-KEM-encapDecap,FIPS203,True,84.41266,12928,resumed_batch,batch_055_062,7
rv32im_iterative,63,2,42,4,84,3,0,8444164,4,2400,32,43776,43264,0,0,512,0,0,0,0,52592,63,decapsulation,fips203/ML-KEM-encapDecap,FIPS203,False,84.44164,12928,resumed_batch,batch_063_070,0
rv32im_iterative,64,2,42,4,85,3,0,8442677,4,2400,32,43776,43264,0,0,512,0,0,0,0,52592,64,decapsulation,fips203/ML-KEM-encapDecap,FIPS203,False,84.42677,12928,resumed_batch,batch_063_070,1
rv32im_iterative,65,2,42,7,107,6,-5,941452,4,1632,0,0,0,0,0,0,0,0,0,0,64624,65,decapsulationKeyCheck,fips203/ML-KEM-encapDecap,FIPS203,,9.41452,896,resumed_batch,batch_063_070,2
rv32im_iterative,66,2,42,7,109,6,-5,941452,4,1632,0,0,0,0,0,0,0,0,0,0,64624,66,decapsulationKeyCheck,fips203/ML-KEM-encapDecap,FIPS203,,9.41452,896,resumed_batch,batch_063_070,3
rv32im_iterative,67,2,42,7,110,6,-5,941452,4,1632,0,0,0,0,0,0,0,0,0,0,64624,67,decapsulationKeyCheck,fips203/ML-KEM-encapDecap,FIPS203,,9.41452,896,resumed_batch,batch_063_070,4
rv32im_iterative,68,2,42,7,111,6,0,941441,4,1632,0,0,0,0,0,0,0,0,0,0,64624,68,decapsulationKeyCheck,fips203/ML-KEM-encapDecap,FIPS203,,9.41441,896,resumed_batch,batch_063_070,5
rv32im_iterative,69,2,42,7,112,6,0,941441,4,1632,0,0,0,0,0,0,0,0,0,0,64624,69,decapsulationKeyCheck,fips203/ML-KEM-encapDecap,FIPS203,,9.41441,896,resumed_batch,batch_063_070,6
rv32im_iterative,70,2,42,7,113,6,-5,941452,4,1632,0,0,0,0,0,0,0,0,0,0,64624,70,decapsulationKeyCheck,fips203/ML-KEM-encapDecap,FIPS203,,9.41452,896,resumed_batch,batch_063_070,7
rv32im_iterative,71,2,42,7,114,6,0,941441,4,1632,0,0,0,0,0,0,0,0,0,0,64624,71,decapsulationKeyCheck,fips203/ML-KEM-encapDecap,FIPS203,,9.41441,896,resumed_batch,batch_071_078,0
rv32im_iterative,72,2,42,7,115,6,0,941441,4,1632,0,0,0,0,0,0,0,0,0,0,64624,72,decapsulationKeyCheck,fips203/ML-KEM-encapDecap,FIPS203,,9.41441,896,resumed_batch,batch_071_078,1
rv32im_iterative,73,2,42,8,118,5,-4,163759,4,800,0,1024,1024,0,0,0,0,0,0,0,63504,73,encapsulationKeyCheck,fips203/ML-KEM-encapDecap,FIPS203,,1.63759,2016,resumed_batch,batch_071_078,2
rv32im_iterative,74,2,42,8,119,5,-4,163759,4,800,0,1024,1024,0,0,0,0,0,0,0,63504,74,encapsulationKeyCheck,fips203/ML-KEM-encapDecap,FIPS203,,1.63759,2016,resumed_batch,batch_071_078,3
rv32im_iterative,75,2,42,8,120,5,0,163748,4,800,0,1024,1024,0,0,0,0,0,0,0,63504,75,encapsulationKeyCheck,fips203/ML-KEM-encapDecap,FIPS203,,1.63748,2016,resumed_batch,batch_071_078,4
rv32im_iterative,76,2,42,8,121,5,0,163748,4,800,0,1024,1024,0,0,0,0,0,0,0,63504,76,encapsulationKeyCheck,fips203/ML-KEM-encapDecap,FIPS203,,1.63748,2016,resumed_batch,batch_071_078,5
rv32im_iterative,77,2,42,8,122,5,0,163748,4,800,0,1024,1024,0,0,0,0,0,0,0,63504,77,encapsulationKeyCheck,fips203/ML-KEM-encapDecap,FIPS203,,1.63748,2016,resumed_batch,batch_071_078,6
rv32im_iterative,78,2,42,8,123,5,-4,163759,4,800,0,1024,1024,0,0,0,0,0,0,0,63504,78,encapsulationKeyCheck,fips203/ML-KEM-encapDecap,FIPS203,,1.63759,2016,resumed_batch,batch_071_078,7
rv32im_iterative,79,2,42,8,124,5,0,163748,4,800,0,1024,1024,0,0,0,0,0,0,0,63504,79,encapsulationKeyCheck,fips203/ML-KEM-encapDecap,FIPS203,,1.63748,2016,resumed_batch,batch_079_086,0
rv32im_iterative,80,2,42,8,125,5,-4,163759,4,800,0,1024,1024,0,0,0,0,0,0,0,63504,80,encapsulationKeyCheck,fips203/ML-KEM-encapDecap,FIPS203,,1.63759,2016,resumed_batch,batch_079_086,1
rv32im_iterative,81,3,42,1,1,2,0,6577675,4,832,800,30336,29824,0,0,512,0,0,0,0,53408,81,encapsulation,fips203-tr1/ML-KEM-encapDecap,FIPS203-tr1,,65.77675,12112,resumed_batch,batch_079_086,2
rv32im_iterative,82,3,42,1,2,2,0,7205519,4,832,800,30336,29824,0,0,512,0,0,0,0,53408,82,encapsulation,fips203-tr1/ML-KEM-encapDecap,FIPS203-tr1,,72.05519,12112,resumed_batch,batch_079_086,3
rv32im_iterative,83,3,42,1,3,2,0,6578242,4,832,800,30336,29824,0,0,512,0,0,0,0,53408,83,encapsulation,fips203-tr1/ML-KEM-encapDecap,FIPS203-tr1,,65.78242,12112,resumed_batch,batch_079_086,4
rv32im_iterative,84,3,42,1,4,2,0,6578185,4,832,800,30336,29824,0,0,512,0,0,0,0,53408,84,encapsulation,fips203-tr1/ML-KEM-encapDecap,FIPS203-tr1,,65.78185,12112,resumed_batch,batch_079_086,5
rv32im_iterative,85,3,42,1,5,2,0,6578288,4,832,800,30336,29824,0,0,512,0,0,0,0,53408,85,encapsulation,fips203-tr1/ML-KEM-encapDecap,FIPS203-tr1,,65.78288,12112,resumed_batch,batch_079_086,6
rv32im_iterative,86,3,42,1,6,2,0,6579582,4,832,800,30336,29824,0,0,512,0,0,0,0,53408,86,encapsulation,fips203-tr1/ML-KEM-encapDecap,FIPS203-tr1,,65.79582,12112,resumed_batch,batch_079_086,7
rv32im_iterative,87,3,42,1,7,2,0,6580048,4,832,800,30336,29824,0,0,512,0,0,0,0,53408,87,encapsulation,fips203-tr1/ML-KEM-encapDecap,FIPS203-tr1,,65.80048,12112,resumed_batch,batch_087_094,0
rv32im_iterative,88,3,42,1,8,2,0,6578318,4,832,800,30336,29824,0,0,512,0,0,0,0,53408,88,encapsulation,fips203-tr1/ML-KEM-encapDecap,FIPS203-tr1,,65.78318,12112,resumed_batch,batch_087_094,1
rv32im_iterative,89,3,42,1,9,2,0,6579140,4,832,800,30336,29824,0,0,512,0,0,0,0,53408,89,encapsulation,fips203-tr1/ML-KEM-encapDecap,FIPS203-tr1,,65.7914,12112,resumed_batch,batch_087_094,2
rv32im_iterative,90,3,42,1,10,2,0,6579212,4,832,800,30336,29824,0,0,512,0,0,0,0,53408,90,encapsulation,fips203-tr1/ML-KEM-encapDecap,FIPS203-tr1,,65.79212,12112,resumed_batch,batch_087_094,3
rv32im_iterative,91,3,42,1,11,2,0,6579041,4,832,800,30336,29824,0,0,512,0,0,0,0,53408,91,encapsulation,fips203-tr1/ML-KEM-encapDecap,FIPS203-tr1,,65.79041,12112,resumed_batch,batch_087_094,4
rv32im_iterative,92,3,42,1,12,2,0,6579395,4,832,800,30336,29824,0,0,512,0,0,0,0,53408,92,encapsulation,fips203-tr1/ML-KEM-encapDecap,FIPS203-tr1,,65.79395,12112,resumed_batch,batch_087_094,5
rv32im_iterative,93,3,42,1,13,2,0,6578328,4,832,800,30336,29824,0,0,512,0,0,0,0,53408,93,encapsulation,fips203-tr1/ML-KEM-encapDecap,FIPS203-tr1,,65.78328,12112,resumed_batch,batch_087_094,6
rv32im_iterative,94,3,42,1,14,2,0,6579604,4,832,800,30336,29824,0,0,512,0,0,0,0,53408,94,encapsulation,fips203-tr1/ML-KEM-encapDecap,FIPS203-tr1,,65.79604,12112,resumed_batch,batch_087_094,7
rv32im_iterative,95,3,42,1,15,2,0,6579938,4,832,800,30336,29824,0,0,512,0,0,0,0,53408,95,encapsulation,fips203-tr1/ML-KEM-encapDecap,FIPS203-tr1,,65.79938,12112,resumed_batch,batch_095_102,0
rv32im_iterative,96,3,42,1,16,2,0,6578477,4,832,800,30336,29824,0,0,512,0,0,0,0,53408,96,encapsulation,fips203-tr1/ML-KEM-encapDecap,FIPS203-tr1,,65.78477,12112,resumed_batch,batch_095_102,1
rv32im_iterative,97,3,42,1,17,2,0,6579568,4,832,800,30336,29824,0,0,512,0,0,0,0,53408,97,encapsulation,fips203-tr1/ML-KEM-encapDecap,FIPS203-tr1,,65.79568,12112,resumed_batch,batch_095_102,2
rv32im_iterative,98,3,42,1,18,2,0,6579060,4,832,800,30336,29824,0,0,512,0,0,0,0,53408,98,encapsulation,fips203-tr1/ML-KEM-encapDecap,FIPS203-tr1,,65.7906,12112,resumed_batch,batch_095_102,3
rv32im_iterative,99,3,42,1,19,2,0,6580008,4,832,800,30336,29824,0,0,512,0,0,0,0,53408,99,encapsulation,fips203-tr1/ML-KEM-encapDecap,FIPS203-tr1,,65.80008,12112,resumed_batch,batch_095_102,4
rv32im_iterative,100,3,42,1,20,2,0,6579127,4,832,800,30336,29824,0,0,512,0,0,0,0,53408,100,encapsulation,fips203-tr1/ML-KEM-encapDecap,FIPS203-tr1,,65.79127,12112,resumed_batch,batch_095_102,5
rv32im_iterative,101,3,42,1,21,2,0,6579514,4,832,800,30336,29824,0,0,512,0,0,0,0,53408,101,encapsulation,fips203-tr1/ML-KEM-encapDecap,FIPS203-tr1,,65.79514,12112,resumed_batch,batch_095_102,6
rv32im_iterative,102,3,42,1,22,2,0,6579190,4,832,800,30336,29824,0,0,512,0,0,0,0,53408,102,encapsulation,fips203-tr1/ML-KEM-encapDecap,FIPS203-tr1,,65.7919,12112,resumed_batch,batch_095_102,7
rv32im_iterative,103,3,42,1,23,2,0,6578550,4,832,800,30336,29824,0,0,512,0,0,0,0,53408,103,encapsulation,fips203-tr1/ML-KEM-encapDecap,FIPS203-tr1,,65.7855,12112,resumed_batch,batch_103_110,0
rv32im_iterative,104,3,42,1,24,2,0,6579127,4,832,800,30336,29824,0,0,512,0,0,0,0,53408,104,encapsulation,fips203-tr1/ML-KEM-encapDecap,FIPS203-tr1,,65.79127,12112,resumed_batch,batch_103_110,1
rv32im_iterative,105,3,42,1,25,2,0,6579620,4,832,800,30336,29824,0,0,512,0,0,0,0,53408,105,encapsulation,fips203-tr1/ML-KEM-encapDecap,FIPS203-tr1,,65.7962,12112,resumed_batch,batch_103_110,2
rv32im_iterative,106,3,42,4,77,4,0,14249546,4,832,32,61952,61440,0,0,512,0,0,0,0,52592,106,decapsulationSeed,fips203-tr1/ML-KEM-encapDecap,FIPS203-tr1,True,142.49546,12928,resumed_batch,batch_103_110,3
rv32im_iterative,107,3,42,4,78,4,0,14254148,4,832,32,61952,61440,0,0,512,0,0,0,0,52592,107,decapsulationSeed,fips203-tr1/ML-KEM-encapDecap,FIPS203-tr1,True,142.54148,12928,resumed_batch,batch_103_110,4
rv32im_iterative,108,3,42,4,79,4,0,14257482,4,832,32,61952,61440,0,0,512,0,0,0,0,52592,108,decapsulationSeed,fips203-tr1/ML-KEM-encapDecap,FIPS203-tr1,True,142.57482,12928,resumed_batch,batch_103_110,5
rv32im_iterative,109,3,42,4,80,4,0,14258530,4,832,32,61952,61440,0,0,512,0,0,0,0,52592,109,decapsulationSeed,fips203-tr1/ML-KEM-encapDecap,FIPS203-tr1,False,142.5853,12928,resumed_batch,batch_103_110,6
rv32im_iterative,110,3,42,4,81,4,0,14252722,4,832,32,61952,61440,0,0,512,0,0,0,0,52592,110,decapsulationSeed,fips203-tr1/ML-KEM-encapDecap,FIPS203-tr1,True,142.52722,12928,resumed_batch,batch_103_110,7
rv32im_iterative,111,3,42,4,82,4,0,14255530,4,832,32,61952,61440,0,0,512,0,0,0,0,52592,111,decapsulationSeed,fips203-tr1/ML-KEM-encapDecap,FIPS203-tr1,False,142.5553,12928,resumed_batch,batch_111_118,0
rv32im_iterative,112,3,42,4,83,4,0,14252542,4,832,32,61952,61440,0,0,512,0,0,0,0,52592,112,decapsulationSeed,fips203-tr1/ML-KEM-encapDecap,FIPS203-tr1,True,142.52542,12928,resumed_batch,batch_111_118,1
rv32im_iterative,113,3,42,4,84,4,0,14255068,4,832,32,61952,61440,0,0,512,0,0,0,0,52592,113,decapsulationSeed,fips203-tr1/ML-KEM-encapDecap,FIPS203-tr1,False,142.55068,12928,resumed_batch,batch_111_118,2
rv32im_iterative,114,3,42,4,85,4,0,14255564,4,832,32,61952,61440,0,0,512,0,0,0,0,52592,114,decapsulationSeed,fips203-tr1/ML-KEM-encapDecap,FIPS203-tr1,False,142.55564,12928,resumed_batch,batch_111_118,3
rv32im_iterative,115,3,42,5,86,3,0,8443852,4,2400,32,43776,43264,0,0,512,0,0,0,0,52592,115,decapsulation,fips203-tr1/ML-KEM-encapDecap,FIPS203-tr1,True,84.43852,12928,resumed_batch,batch_111_118,4
rv32im_iterative,116,3,42,5,87,3,0,8441725,4,2400,32,43776,43264,0,0,512,0,0,0,0,52592,116,decapsulation,fips203-tr1/ML-KEM-encapDecap,FIPS203-tr1,True,84.41725,12928,resumed_batch,batch_111_118,5
rv32im_iterative,117,3,42,5,88,3,0,8442461,4,2400,32,43776,43264,0,0,512,0,0,0,0,52592,117,decapsulation,fips203-tr1/ML-KEM-encapDecap,FIPS203-tr1,False,84.42461,12928,resumed_batch,batch_111_118,6
rv32im_iterative,118,3,42,5,89,3,0,8441960,4,2400,32,43776,43264,0,0,512,0,0,0,0,52592,118,decapsulation,fips203-tr1/ML-KEM-encapDecap,FIPS203-tr1,True,84.4196,12928,resumed_batch,batch_111_118,7
rv32im_iterative,119,3,42,5,90,3,0,8443237,4,2400,32,43776,43264,0,0,512,0,0,0,0,52592,119,decapsulation,fips203-tr1/ML-KEM-encapDecap,FIPS203-tr1,False,84.43237,12928,resumed_batch,batch_119_126,0
rv32im_iterative,120,3,42,5,91,3,0,8442086,4,2400,32,43776,43264,0,0,512,0,0,0,0,52592,120,decapsulation,fips203-tr1/ML-KEM-encapDecap,FIPS203-tr1,False,84.42086,12928,resumed_batch,batch_119_126,1
rv32im_iterative,121,3,42,5,92,3,0,8440986,4,2400,32,43776,43264,0,0,512,0,0,0,0,52592,121,decapsulation,fips203-tr1/ML-KEM-encapDecap,FIPS203-tr1,True,84.40986,12928,resumed_batch,batch_119_126,2
rv32im_iterative,122,3,42,5,93,3,0,8444155,4,2400,32,43776,43264,0,0,512,0,0,0,0,52592,122,decapsulation,fips203-tr1/ML-KEM-encapDecap,FIPS203-tr1,False,84.44155,12928,resumed_batch,batch_119_126,3
rv32im_iterative,123,3,42,5,94,3,0,8442895,4,2400,32,43776,43264,0,0,512,0,0,0,0,52592,123,decapsulation,fips203-tr1/ML-KEM-encapDecap,FIPS203-tr1,True,84.42895,12928,resumed_batch,batch_119_126,4
rv32im_iterative,124,3,42,5,95,3,0,8442447,4,2400,32,43776,43264,0,0,512,0,0,0,0,52592,124,decapsulation,fips203-tr1/ML-KEM-encapDecap,FIPS203-tr1,False,84.42447,12928,resumed_batch,batch_119_126,5
rv32im_iterative,125,3,42,10,136,6,0,941441,4,1632,0,0,0,0,0,0,0,0,0,0,64624,125,decapsulationKeyCheck,fips203-tr1/ML-KEM-encapDecap,FIPS203-tr1,,9.41441,896,resumed_batch,batch_119_126,6
rv32im_iterative,126,3,42,10,137,6,-5,941452,4,1632,0,0,0,0,0,0,0,0,0,0,64624,126,decapsulationKeyCheck,fips203-tr1/ML-KEM-encapDecap,FIPS203-tr1,,9.41452,896,resumed_batch,batch_119_126,7
rv32im_iterative,127,3,42,10,138,6,-5,941452,4,1632,0,0,0,0,0,0,0,0,0,0,64624,127,decapsulationKeyCheck,fips203-tr1/ML-KEM-encapDecap,FIPS203-tr1,,9.41452,896,resumed_batch,batch_127_134,0
rv32im_iterative,128,3,42,10,139,6,-5,941452,4,1632,0,0,0,0,0,0,0,0,0,0,64624,128,decapsulationKeyCheck,fips203-tr1/ML-KEM-encapDecap,FIPS203-tr1,,9.41452,896,resumed_batch,batch_127_134,1
rv32im_iterative,129,3,42,10,140,6,0,941441,4,1632,0,0,0,0,0,0,0,0,0,0,64624,129,decapsulationKeyCheck,fips203-tr1/ML-KEM-encapDecap,FIPS203-tr1,,9.41441,896,resumed_batch,batch_127_134,2
rv32im_iterative,130,3,42,10,141,6,0,941441,4,1632,0,0,0,0,0,0,0,0,0,0,64624,130,decapsulationKeyCheck,fips203-tr1/ML-KEM-encapDecap,FIPS203-tr1,,9.41441,896,resumed_batch,batch_127_134,3
rv32im_iterative,131,3,42,10,142,6,0,941441,4,1632,0,0,0,0,0,0,0,0,0,0,64624,131,decapsulationKeyCheck,fips203-tr1/ML-KEM-encapDecap,FIPS203-tr1,,9.41441,896,resumed_batch,batch_127_134,4
rv32im_iterative,132,3,42,10,143,6,-5,941452,4,1632,0,0,0,0,0,0,0,0,0,0,64624,132,decapsulationKeyCheck,fips203-tr1/ML-KEM-encapDecap,FIPS203-tr1,,9.41452,896,resumed_batch,batch_127_134,5
rv32im_iterative,133,3,42,10,144,6,0,941441,4,1632,0,0,0,0,0,0,0,0,0,0,64624,133,decapsulationKeyCheck,fips203-tr1/ML-KEM-encapDecap,FIPS203-tr1,,9.41441,896,resumed_batch,batch_127_134,6
rv32im_iterative,134,3,42,10,145,6,-5,941452,4,1632,0,0,0,0,0,0,0,0,0,0,64624,134,decapsulationKeyCheck,fips203-tr1/ML-KEM-encapDecap,FIPS203-tr1,,9.41452,896,resumed_batch,batch_127_134,7
rv32im_iterative,135,3,42,11,146,5,-4,163759,4,800,0,1024,1024,0,0,0,0,0,0,0,63504,135,encapsulationKeyCheck,fips203-tr1/ML-KEM-encapDecap,FIPS203-tr1,,1.63759,2016,resumed_batch,batch_135_142,0
rv32im_iterative,136,3,42,11,147,5,0,163748,4,800,0,1024,1024,0,0,0,0,0,0,0,63504,136,encapsulationKeyCheck,fips203-tr1/ML-KEM-encapDecap,FIPS203-tr1,,1.63748,2016,resumed_batch,batch_135_142,1
rv32im_iterative,137,3,42,11,148,5,-4,163759,4,800,0,1024,1024,0,0,0,0,0,0,0,63504,137,encapsulationKeyCheck,fips203-tr1/ML-KEM-encapDecap,FIPS203-tr1,,1.63759,2016,resumed_batch,batch_135_142,2
rv32im_iterative,138,3,42,11,149,5,0,163748,4,800,0,1024,1024,0,0,0,0,0,0,0,63504,138,encapsulationKeyCheck,fips203-tr1/ML-KEM-encapDecap,FIPS203-tr1,,1.63748,2016,resumed_batch,batch_135_142,3
rv32im_iterative,139,3,42,11,150,5,0,163748,4,800,0,1024,1024,0,0,0,0,0,0,0,63504,139,encapsulationKeyCheck,fips203-tr1/ML-KEM-encapDecap,FIPS203-tr1,,1.63748,2016,resumed_batch,batch_135_142,4
rv32im_iterative,140,3,42,11,151,5,-4,163759,4,800,0,1024,1024,0,0,0,0,0,0,0,63504,140,encapsulationKeyCheck,fips203-tr1/ML-KEM-encapDecap,FIPS203-tr1,,1.63759,2016,resumed_batch,batch_135_142,5
rv32im_iterative,141,3,42,11,152,5,-4,163759,4,800,0,1024,1024,0,0,0,0,0,0,0,63504,141,encapsulationKeyCheck,fips203-tr1/ML-KEM-encapDecap,FIPS203-tr1,,1.63759,2016,resumed_batch,batch_135_142,6
rv32im_iterative,142,3,42,11,153,5,0,163748,4,800,0,1024,1024,0,0,0,0,0,0,0,63504,142,encapsulationKeyCheck,fips203-tr1/ML-KEM-encapDecap,FIPS203-tr1,,1.63748,2016,resumed_batch,batch_135_142,7
rv32im_iterative,143,3,42,11,154,5,0,163748,4,800,0,1024,1024,0,0,0,0,0,0,0,63504,143,encapsulationKeyCheck,fips203-tr1/ML-KEM-encapDecap,FIPS203-tr1,,1.63748,2016,resumed_batch,batch_143_144,0
rv32im_iterative,144,3,42,11,155,5,-4,163759,4,800,0,1024,1024,0,0,0,0,0,0,0,63504,144,encapsulationKeyCheck,fips203-tr1/ML-KEM-encapDecap,FIPS203-tr1,,1.63759,2016,resumed_batch,batch_143_144,1
rv32im_fast,0,1,42,1,1,1,0,5194599,4,64,2432,18176,18176,0,0,0,0,0,0,0,56096,0,keyGen,fips203/ML-KEM-keyGen,FIPS203,,51.94599,9424,checkpoint_prefix,checkpoint,0
rv32im_fast,1,2,42,1,1,2,0,5530291,4,832,800,30336,29824,0,0,512,0,0,0,0,53408,1,encapsulation,fips203/ML-KEM-encapDecap,FIPS203,,55.30291,12112,checkpoint_prefix,checkpoint,1
rv32im_fast,2,2,42,4,76,3,0,6938822,4,2400,32,43776,43264,0,0,512,0,0,0,0,52592,2,decapsulation,fips203/ML-KEM-encapDecap,FIPS203,True,69.38822,12928,checkpoint_prefix,checkpoint,2
rv32im_fast,3,3,42,4,76,4,0,12134490,4,832,32,61952,61440,0,0,512,0,0,0,0,52592,3,decapsulationSeed,fips203-tr1/ML-KEM-encapDecap,FIPS203-tr1,False,121.3449,12928,checkpoint_prefix,checkpoint,3
rv32im_fast,4,2,42,8,116,5,0,128932,4,800,0,1024,1024,0,0,0,0,0,0,0,63504,4,encapsulationKeyCheck,fips203/ML-KEM-encapDecap,FIPS203,,1.28932,2016,checkpoint_prefix,checkpoint,4
rv32im_fast,5,2,42,7,106,6,-5,941452,4,1632,0,0,0,0,0,0,0,0,0,0,64624,5,decapsulationKeyCheck,fips203/ML-KEM-encapDecap,FIPS203,,9.41452,896,checkpoint_prefix,checkpoint,5
rv32im_fast,6,2,42,8,117,5,-4,128943,4,800,0,1024,1024,0,0,0,0,0,0,0,63504,6,encapsulationKeyCheck,fips203/ML-KEM-encapDecap,FIPS203,,1.28943,2016,checkpoint_prefix,checkpoint,6
rv32im_fast,7,2,42,7,108,6,0,941441,4,1632,0,0,0,0,0,0,0,0,0,0,64624,7,decapsulationKeyCheck,fips203/ML-KEM-encapDecap,FIPS203,,9.41441,896,checkpoint_prefix,checkpoint,7
rv32im_fast,8,1,42,1,2,1,0,5195808,4,64,2432,18176,18176,0,0,0,0,0,0,0,56096,8,keyGen,fips203/ML-KEM-keyGen,FIPS203,,51.95808,9424,checkpoint_prefix,checkpoint,8
rv32im_fast,9,1,42,1,3,1,0,5193117,4,64,2432,18176,18176,0,0,0,0,0,0,0,56096,9,keyGen,fips203/ML-KEM-keyGen,FIPS203,,51.93117,9424,checkpoint_prefix,checkpoint,9
rv32im_fast,10,1,42,1,4,1,0,5192830,4,64,2432,18176,18176,0,0,0,0,0,0,0,56096,10,keyGen,fips203/ML-KEM-keyGen,FIPS203,,51.9283,9424,checkpoint_prefix,checkpoint,10
rv32im_fast,11,1,42,1,5,1,0,5194563,4,64,2432,18176,18176,0,0,0,0,0,0,0,56096,11,keyGen,fips203/ML-KEM-keyGen,FIPS203,,51.94563,9424,checkpoint_prefix,checkpoint,11
rv32im_fast,12,1,42,1,6,1,0,5193138,4,64,2432,18176,18176,0,0,0,0,0,0,0,56096,12,keyGen,fips203/ML-KEM-keyGen,FIPS203,,51.93138,9424,checkpoint_prefix,checkpoint,12
rv32im_fast,13,1,42,1,7,1,0,5820559,4,64,2432,18176,18176,0,0,0,0,0,0,0,56096,13,keyGen,fips203/ML-KEM-keyGen,FIPS203,,58.20559,9424,checkpoint_prefix,checkpoint,13
rv32im_fast,14,1,42,1,8,1,0,5194990,4,64,2432,18176,18176,0,0,0,0,0,0,0,56096,14,keyGen,fips203/ML-KEM-keyGen,FIPS203,,51.9499,9424,checkpoint_prefix,checkpoint,14
rv32im_fast,15,1,42,1,9,1,0,5192604,4,64,2432,18176,18176,0,0,0,0,0,0,0,56096,15,keyGen,fips203/ML-KEM-keyGen,FIPS203,,51.92604,9424,checkpoint_prefix,checkpoint,15
rv32im_fast,16,1,42,1,10,1,0,5194133,4,64,2432,18176,18176,0,0,0,0,0,0,0,56096,16,keyGen,fips203/ML-KEM-keyGen,FIPS203,,51.94133,9424,checkpoint_prefix,checkpoint,16
rv32im_fast,17,1,42,1,11,1,0,5193366,4,64,2432,18176,18176,0,0,0,0,0,0,0,56096,17,keyGen,fips203/ML-KEM-keyGen,FIPS203,,51.93366,9424,checkpoint_prefix,checkpoint,17
rv32im_fast,18,1,42,1,12,1,0,5193804,4,64,2432,18176,18176,0,0,0,0,0,0,0,56096,18,keyGen,fips203/ML-KEM-keyGen,FIPS203,,51.93804,9424,checkpoint_prefix,checkpoint,18
rv32im_fast,19,1,42,1,13,1,0,5193329,4,64,2432,18176,18176,0,0,0,0,0,0,0,56096,19,keyGen,fips203/ML-KEM-keyGen,FIPS203,,51.93329,9424,checkpoint_prefix,checkpoint,19
rv32im_fast,20,1,42,1,14,1,0,5195790,4,64,2432,18176,18176,0,0,0,0,0,0,0,56096,20,keyGen,fips203/ML-KEM-keyGen,FIPS203,,51.9579,9424,checkpoint_prefix,checkpoint,20
rv32im_fast,21,1,42,1,15,1,0,5194159,4,64,2432,18176,18176,0,0,0,0,0,0,0,56096,21,keyGen,fips203/ML-KEM-keyGen,FIPS203,,51.94159,9424,checkpoint_prefix,checkpoint,21
rv32im_fast,22,1,42,1,16,1,0,5194835,4,64,2432,18176,18176,0,0,0,0,0,0,0,56096,22,keyGen,fips203/ML-KEM-keyGen,FIPS203,,51.94835,9424,checkpoint_prefix,checkpoint,22
rv32im_fast,23,1,42,1,17,1,0,5195789,4,64,2432,18176,18176,0,0,0,0,0,0,0,56096,23,keyGen,fips203/ML-KEM-keyGen,FIPS203,,51.95789,9424,checkpoint_prefix,checkpoint,23
rv32im_fast,24,1,42,1,18,1,0,5193711,4,64,2432,18176,18176,0,0,0,0,0,0,0,56096,24,keyGen,fips203/ML-KEM-keyGen,FIPS203,,51.93711,9424,checkpoint_prefix,checkpoint,24
rv32im_fast,25,1,42,1,19,1,0,5195020,4,64,2432,18176,18176,0,0,0,0,0,0,0,56096,25,keyGen,fips203/ML-KEM-keyGen,FIPS203,,51.9502,9424,checkpoint_prefix,checkpoint,25
rv32im_fast,26,1,42,1,20,1,0,5819550,4,64,2432,18176,18176,0,0,0,0,0,0,0,56096,26,keyGen,fips203/ML-KEM-keyGen,FIPS203,,58.1955,9424,checkpoint_prefix,checkpoint,26
rv32im_fast,27,1,42,1,21,1,0,5194732,4,64,2432,18176,18176,0,0,0,0,0,0,0,56096,27,keyGen,fips203/ML-KEM-keyGen,FIPS203,,51.94732,9424,checkpoint_prefix,checkpoint,27
rv32im_fast,28,1,42,1,22,1,0,5195322,4,64,2432,18176,18176,0,0,0,0,0,0,0,56096,28,keyGen,fips203/ML-KEM-keyGen,FIPS203,,51.95322,9424,checkpoint_prefix,checkpoint,28
rv32im_fast,29,1,42,1,23,1,0,5193635,4,64,2432,18176,18176,0,0,0,0,0,0,0,56096,29,keyGen,fips203/ML-KEM-keyGen,FIPS203,,51.93635,9424,checkpoint_prefix,checkpoint,29
rv32im_fast,30,1,42,1,24,1,0,5821023,4,64,2432,18176,18176,0,0,0,0,0,0,0,56096,30,keyGen,fips203/ML-KEM-keyGen,FIPS203,,58.21023,9424,checkpoint_prefix,checkpoint,30
rv32im_fast,31,1,42,1,25,1,0,5194693,4,64,2432,18176,18176,0,0,0,0,0,0,0,56096,31,keyGen,fips203/ML-KEM-keyGen,FIPS203,,51.94693,9424,checkpoint_prefix,checkpoint,31
rv32im_fast,32,2,42,1,2,2,0,5530076,4,832,800,30336,29824,0,0,512,0,0,0,0,53408,32,encapsulation,fips203/ML-KEM-encapDecap,FIPS203,,55.30076,12112,checkpoint_prefix,checkpoint,32
rv32im_fast,33,2,42,1,3,2,0,5530795,4,832,800,30336,29824,0,0,512,0,0,0,0,53408,33,encapsulation,fips203/ML-KEM-encapDecap,FIPS203,,55.30795,12112,checkpoint_prefix,checkpoint,33
rv32im_fast,34,2,42,1,4,2,0,5530145,4,832,800,30336,29824,0,0,512,0,0,0,0,53408,34,encapsulation,fips203/ML-KEM-encapDecap,FIPS203,,55.30145,12112,checkpoint_prefix,checkpoint,34
rv32im_fast,35,2,42,1,5,2,0,5531265,4,832,800,30336,29824,0,0,512,0,0,0,0,53408,35,encapsulation,fips203/ML-KEM-encapDecap,FIPS203,,55.31265,12112,checkpoint_prefix,checkpoint,35
rv32im_fast,36,2,42,1,6,2,0,5529927,4,832,800,30336,29824,0,0,512,0,0,0,0,53408,36,encapsulation,fips203/ML-KEM-encapDecap,FIPS203,,55.29927,12112,checkpoint_prefix,checkpoint,36
rv32im_fast,37,2,42,1,7,2,0,5530391,4,832,800,30336,29824,0,0,512,0,0,0,0,53408,37,encapsulation,fips203/ML-KEM-encapDecap,FIPS203,,55.30391,12112,checkpoint_prefix,checkpoint,37
rv32im_fast,38,2,42,1,8,2,0,6156079,4,832,800,30336,29824,0,0,512,0,0,0,0,53408,38,encapsulation,fips203/ML-KEM-encapDecap,FIPS203,,61.56079,12112,resumed_batch,batch_038_045,0
rv32im_fast,39,2,42,1,9,2,0,5531677,4,832,800,30336,29824,0,0,512,0,0,0,0,53408,39,encapsulation,fips203/ML-KEM-encapDecap,FIPS203,,55.31677,12112,resumed_batch,batch_038_045,1
rv32im_fast,40,2,42,1,10,2,0,5531511,4,832,800,30336,29824,0,0,512,0,0,0,0,53408,40,encapsulation,fips203/ML-KEM-encapDecap,FIPS203,,55.31511,12112,resumed_batch,batch_038_045,2
rv32im_fast,41,2,42,1,11,2,0,6156253,4,832,800,30336,29824,0,0,512,0,0,0,0,53408,41,encapsulation,fips203/ML-KEM-encapDecap,FIPS203,,61.56253,12112,resumed_batch,batch_038_045,3
rv32im_fast,42,2,42,1,12,2,0,5531899,4,832,800,30336,29824,0,0,512,0,0,0,0,53408,42,encapsulation,fips203/ML-KEM-encapDecap,FIPS203,,55.31899,12112,resumed_batch,batch_038_045,4
rv32im_fast,43,2,42,1,13,2,0,6155808,4,832,800,30336,29824,0,0,512,0,0,0,0,53408,43,encapsulation,fips203/ML-KEM-encapDecap,FIPS203,,61.55808,12112,resumed_batch,batch_038_045,5
rv32im_fast,44,2,42,1,14,2,0,5530834,4,832,800,30336,29824,0,0,512,0,0,0,0,53408,44,encapsulation,fips203/ML-KEM-encapDecap,FIPS203,,55.30834,12112,resumed_batch,batch_038_045,6
rv32im_fast,45,2,42,1,15,2,0,5530122,4,832,800,30336,29824,0,0,512,0,0,0,0,53408,45,encapsulation,fips203/ML-KEM-encapDecap,FIPS203,,55.30122,12112,resumed_batch,batch_038_045,7
rv32im_fast,46,2,42,1,16,2,0,5531209,4,832,800,30336,29824,0,0,512,0,0,0,0,53408,46,encapsulation,fips203/ML-KEM-encapDecap,FIPS203,,55.31209,12112,resumed_batch,batch_046_053,0
rv32im_fast,47,2,42,1,17,2,0,5529808,4,832,800,30336,29824,0,0,512,0,0,0,0,53408,47,encapsulation,fips203/ML-KEM-encapDecap,FIPS203,,55.29808,12112,resumed_batch,batch_046_053,1
rv32im_fast,48,2,42,1,18,2,0,5529379,4,832,800,30336,29824,0,0,512,0,0,0,0,53408,48,encapsulation,fips203/ML-KEM-encapDecap,FIPS203,,55.29379,12112,resumed_batch,batch_046_053,2
rv32im_fast,49,2,42,1,19,2,0,5532015,4,832,800,30336,29824,0,0,512,0,0,0,0,53408,49,encapsulation,fips203/ML-KEM-encapDecap,FIPS203,,55.32015,12112,resumed_batch,batch_046_053,3
rv32im_fast,50,2,42,1,20,2,0,5530636,4,832,800,30336,29824,0,0,512,0,0,0,0,53408,50,encapsulation,fips203/ML-KEM-encapDecap,FIPS203,,55.30636,12112,resumed_batch,batch_046_053,4
rv32im_fast,51,2,42,1,21,2,0,5531336,4,832,800,30336,29824,0,0,512,0,0,0,0,53408,51,encapsulation,fips203/ML-KEM-encapDecap,FIPS203,,55.31336,12112,resumed_batch,batch_046_053,5
rv32im_fast,52,2,42,1,22,2,0,5531232,4,832,800,30336,29824,0,0,512,0,0,0,0,53408,52,encapsulation,fips203/ML-KEM-encapDecap,FIPS203,,55.31232,12112,resumed_batch,batch_046_053,6
rv32im_fast,53,2,42,1,23,2,0,5531640,4,832,800,30336,29824,0,0,512,0,0,0,0,53408,53,encapsulation,fips203/ML-KEM-encapDecap,FIPS203,,55.3164,12112,resumed_batch,batch_046_053,7
rv32im_fast,54,2,42,1,24,2,0,5531227,4,832,800,30336,29824,0,0,512,0,0,0,0,53408,54,encapsulation,fips203/ML-KEM-encapDecap,FIPS203,,55.31227,12112,resumed_batch,batch_054_061,0
rv32im_fast,55,2,42,1,25,2,0,5531720,4,832,800,30336,29824,0,0,512,0,0,0,0,53408,55,encapsulation,fips203/ML-KEM-encapDecap,FIPS203,,55.3172,12112,resumed_batch,batch_054_061,1
rv32im_fast,56,2,42,4,77,3,0,6935627,4,2400,32,43776,43264,0,0,512,0,0,0,0,52592,56,decapsulation,fips203/ML-KEM-encapDecap,FIPS203,True,69.35627,12928,resumed_batch,batch_054_061,2
rv32im_fast,57,2,42,4,78,3,0,6939151,4,2400,32,43776,43264,0,0,512,0,0,0,0,52592,57,decapsulation,fips203/ML-KEM-encapDecap,FIPS203,True,69.39151,12928,resumed_batch,batch_054_061,3
rv32im_fast,58,2,42,4,79,3,0,6938000,4,2400,32,43776,43264,0,0,512,0,0,0,0,52592,58,decapsulation,fips203/ML-KEM-encapDecap,FIPS203,False,69.38,12928,resumed_batch,batch_054_061,4
rv32im_fast,59,2,42,4,80,3,0,6936586,4,2400,32,43776,43264,0,0,512,0,0,0,0,52592,59,decapsulation,fips203/ML-KEM-encapDecap,FIPS203,False,69.36586,12928,resumed_batch,batch_054_061,5
rv32im_fast,60,2,42,4,81,3,0,6937201,4,2400,32,43776,43264,0,0,512,0,0,0,0,52592,60,decapsulation,fips203/ML-KEM-encapDecap,FIPS203,False,69.37201,12928,resumed_batch,batch_054_061,6
rv32im_fast,61,2,42,4,82,3,0,6937471,4,2400,32,43776,43264,0,0,512,0,0,0,0,52592,61,decapsulation,fips203/ML-KEM-encapDecap,FIPS203,True,69.37471,12928,resumed_batch,batch_054_061,7
rv32im_fast,62,2,42,4,83,3,0,6936498,4,2400,32,43776,43264,0,0,512,0,0,0,0,52592,62,decapsulation,fips203/ML-KEM-encapDecap,FIPS203,True,69.36498,12928,resumed_batch,batch_062_069,0
rv32im_fast,63,2,42,4,84,3,0,6939396,4,2400,32,43776,43264,0,0,512,0,0,0,0,52592,63,decapsulation,fips203/ML-KEM-encapDecap,FIPS203,False,69.39396,12928,resumed_batch,batch_062_069,1
rv32im_fast,64,2,42,4,85,3,0,6937909,4,2400,32,43776,43264,0,0,512,0,0,0,0,52592,64,decapsulation,fips203/ML-KEM-encapDecap,FIPS203,False,69.37909,12928,resumed_batch,batch_062_069,2
rv32im_fast,65,2,42,7,107,6,-5,941452,4,1632,0,0,0,0,0,0,0,0,0,0,64624,65,decapsulationKeyCheck,fips203/ML-KEM-encapDecap,FIPS203,,9.41452,896,resumed_batch,batch_062_069,3
rv32im_fast,66,2,42,7,109,6,-5,941452,4,1632,0,0,0,0,0,0,0,0,0,0,64624,66,decapsulationKeyCheck,fips203/ML-KEM-encapDecap,FIPS203,,9.41452,896,resumed_batch,batch_062_069,4
rv32im_fast,67,2,42,7,110,6,-5,941452,4,1632,0,0,0,0,0,0,0,0,0,0,64624,67,decapsulationKeyCheck,fips203/ML-KEM-encapDecap,FIPS203,,9.41452,896,resumed_batch,batch_062_069,5
rv32im_fast,68,2,42,7,111,6,0,941441,4,1632,0,0,0,0,0,0,0,0,0,0,64624,68,decapsulationKeyCheck,fips203/ML-KEM-encapDecap,FIPS203,,9.41441,896,resumed_batch,batch_062_069,6
rv32im_fast,69,2,42,7,112,6,0,941441,4,1632,0,0,0,0,0,0,0,0,0,0,64624,69,decapsulationKeyCheck,fips203/ML-KEM-encapDecap,FIPS203,,9.41441,896,resumed_batch,batch_062_069,7
rv32im_fast,70,2,42,7,113,6,-5,941452,4,1632,0,0,0,0,0,0,0,0,0,0,64624,70,decapsulationKeyCheck,fips203/ML-KEM-encapDecap,FIPS203,,9.41452,896,resumed_batch,batch_070_077,0
rv32im_fast,71,2,42,7,114,6,0,941441,4,1632,0,0,0,0,0,0,0,0,0,0,64624,71,decapsulationKeyCheck,fips203/ML-KEM-encapDecap,FIPS203,,9.41441,896,resumed_batch,batch_070_077,1
rv32im_fast,72,2,42,7,115,6,0,941441,4,1632,0,0,0,0,0,0,0,0,0,0,64624,72,decapsulationKeyCheck,fips203/ML-KEM-encapDecap,FIPS203,,9.41441,896,resumed_batch,batch_070_077,2
rv32im_fast,73,2,42,8,118,5,-4,128943,4,800,0,1024,1024,0,0,0,0,0,0,0,63504,73,encapsulationKeyCheck,fips203/ML-KEM-encapDecap,FIPS203,,1.28943,2016,resumed_batch,batch_070_077,3
rv32im_fast,74,2,42,8,119,5,-4,128943,4,800,0,1024,1024,0,0,0,0,0,0,0,63504,74,encapsulationKeyCheck,fips203/ML-KEM-encapDecap,FIPS203,,1.28943,2016,resumed_batch,batch_070_077,4
rv32im_fast,75,2,42,8,120,5,0,128932,4,800,0,1024,1024,0,0,0,0,0,0,0,63504,75,encapsulationKeyCheck,fips203/ML-KEM-encapDecap,FIPS203,,1.28932,2016,resumed_batch,batch_070_077,5
rv32im_fast,76,2,42,8,121,5,0,128932,4,800,0,1024,1024,0,0,0,0,0,0,0,63504,76,encapsulationKeyCheck,fips203/ML-KEM-encapDecap,FIPS203,,1.28932,2016,resumed_batch,batch_070_077,6
rv32im_fast,77,2,42,8,122,5,0,128932,4,800,0,1024,1024,0,0,0,0,0,0,0,63504,77,encapsulationKeyCheck,fips203/ML-KEM-encapDecap,FIPS203,,1.28932,2016,resumed_batch,batch_070_077,7
rv32im_fast,78,2,42,8,123,5,-4,128943,4,800,0,1024,1024,0,0,0,0,0,0,0,63504,78,encapsulationKeyCheck,fips203/ML-KEM-encapDecap,FIPS203,,1.28943,2016,resumed_batch,batch_078_085,0
rv32im_fast,79,2,42,8,124,5,0,128932,4,800,0,1024,1024,0,0,0,0,0,0,0,63504,79,encapsulationKeyCheck,fips203/ML-KEM-encapDecap,FIPS203,,1.28932,2016,resumed_batch,batch_078_085,1
rv32im_fast,80,2,42,8,125,5,-4,128943,4,800,0,1024,1024,0,0,0,0,0,0,0,63504,80,encapsulationKeyCheck,fips203/ML-KEM-encapDecap,FIPS203,,1.28943,2016,resumed_batch,batch_078_085,2
rv32im_fast,81,3,42,1,1,2,0,5529867,4,832,800,30336,29824,0,0,512,0,0,0,0,53408,81,encapsulation,fips203-tr1/ML-KEM-encapDecap,FIPS203-tr1,,55.29867,12112,resumed_batch,batch_078_085,3
rv32im_fast,82,3,42,1,2,2,0,6157711,4,832,800,30336,29824,0,0,512,0,0,0,0,53408,82,encapsulation,fips203-tr1/ML-KEM-encapDecap,FIPS203-tr1,,61.57711,12112,resumed_batch,batch_078_085,4
rv32im_fast,83,3,42,1,3,2,0,5530434,4,832,800,30336,29824,0,0,512,0,0,0,0,53408,83,encapsulation,fips203-tr1/ML-KEM-encapDecap,FIPS203-tr1,,55.30434,12112,resumed_batch,batch_078_085,5
rv32im_fast,84,3,42,1,4,2,0,5530377,4,832,800,30336,29824,0,0,512,0,0,0,0,53408,84,encapsulation,fips203-tr1/ML-KEM-encapDecap,FIPS203-tr1,,55.30377,12112,resumed_batch,batch_078_085,6
rv32im_fast,85,3,42,1,5,2,0,5530480,4,832,800,30336,29824,0,0,512,0,0,0,0,53408,85,encapsulation,fips203-tr1/ML-KEM-encapDecap,FIPS203-tr1,,55.3048,12112,resumed_batch,batch_078_085,7
rv32im_fast,86,3,42,1,6,2,0,5531774,4,832,800,30336,29824,0,0,512,0,0,0,0,53408,86,encapsulation,fips203-tr1/ML-KEM-encapDecap,FIPS203-tr1,,55.31774,12112,resumed_batch,batch_086_093,0
rv32im_fast,87,3,42,1,7,2,0,5532240,4,832,800,30336,29824,0,0,512,0,0,0,0,53408,87,encapsulation,fips203-tr1/ML-KEM-encapDecap,FIPS203-tr1,,55.3224,12112,resumed_batch,batch_086_093,1
rv32im_fast,88,3,42,1,8,2,0,5530510,4,832,800,30336,29824,0,0,512,0,0,0,0,53408,88,encapsulation,fips203-tr1/ML-KEM-encapDecap,FIPS203-tr1,,55.3051,12112,resumed_batch,batch_086_093,2
rv32im_fast,89,3,42,1,9,2,0,5531332,4,832,800,30336,29824,0,0,512,0,0,0,0,53408,89,encapsulation,fips203-tr1/ML-KEM-encapDecap,FIPS203-tr1,,55.31332,12112,resumed_batch,batch_086_093,3
rv32im_fast,90,3,42,1,10,2,0,5531404,4,832,800,30336,29824,0,0,512,0,0,0,0,53408,90,encapsulation,fips203-tr1/ML-KEM-encapDecap,FIPS203-tr1,,55.31404,12112,resumed_batch,batch_086_093,4
rv32im_fast,91,3,42,1,11,2,0,5531233,4,832,800,30336,29824,0,0,512,0,0,0,0,53408,91,encapsulation,fips203-tr1/ML-KEM-encapDecap,FIPS203-tr1,,55.31233,12112,resumed_batch,batch_086_093,5
rv32im_fast,92,3,42,1,12,2,0,5531587,4,832,800,30336,29824,0,0,512,0,0,0,0,53408,92,encapsulation,fips203-tr1/ML-KEM-encapDecap,FIPS203-tr1,,55.31587,12112,resumed_batch,batch_086_093,6
rv32im_fast,93,3,42,1,13,2,0,5530520,4,832,800,30336,29824,0,0,512,0,0,0,0,53408,93,encapsulation,fips203-tr1/ML-KEM-encapDecap,FIPS203-tr1,,55.3052,12112,resumed_batch,batch_086_093,7
rv32im_fast,94,3,42,1,14,2,0,5531796,4,832,800,30336,29824,0,0,512,0,0,0,0,53408,94,encapsulation,fips203-tr1/ML-KEM-encapDecap,FIPS203-tr1,,55.31796,12112,resumed_batch,batch_094_101,0
rv32im_fast,95,3,42,1,15,2,0,5532130,4,832,800,30336,29824,0,0,512,0,0,0,0,53408,95,encapsulation,fips203-tr1/ML-KEM-encapDecap,FIPS203-tr1,,55.3213,12112,resumed_batch,batch_094_101,1
rv32im_fast,96,3,42,1,16,2,0,5530669,4,832,800,30336,29824,0,0,512,0,0,0,0,53408,96,encapsulation,fips203-tr1/ML-KEM-encapDecap,FIPS203-tr1,,55.30669,12112,resumed_batch,batch_094_101,2
rv32im_fast,97,3,42,1,17,2,0,5531760,4,832,800,30336,29824,0,0,512,0,0,0,0,53408,97,encapsulation,fips203-tr1/ML-KEM-encapDecap,FIPS203-tr1,,55.3176,12112,resumed_batch,batch_094_101,3
rv32im_fast,98,3,42,1,18,2,0,5531252,4,832,800,30336,29824,0,0,512,0,0,0,0,53408,98,encapsulation,fips203-tr1/ML-KEM-encapDecap,FIPS203-tr1,,55.31252,12112,resumed_batch,batch_094_101,4
rv32im_fast,99,3,42,1,19,2,0,5532200,4,832,800,30336,29824,0,0,512,0,0,0,0,53408,99,encapsulation,fips203-tr1/ML-KEM-encapDecap,FIPS203-tr1,,55.322,12112,resumed_batch,batch_094_101,5
rv32im_fast,100,3,42,1,20,2,0,5531319,4,832,800,30336,29824,0,0,512,0,0,0,0,53408,100,encapsulation,fips203-tr1/ML-KEM-encapDecap,FIPS203-tr1,,55.31319,12112,resumed_batch,batch_094_101,6
rv32im_fast,101,3,42,1,21,2,0,5531706,4,832,800,30336,29824,0,0,512,0,0,0,0,53408,101,encapsulation,fips203-tr1/ML-KEM-encapDecap,FIPS203-tr1,,55.31706,12112,resumed_batch,batch_094_101,7
rv32im_fast,102,3,42,1,22,2,0,5531382,4,832,800,30336,29824,0,0,512,0,0,0,0,53408,102,encapsulation,fips203-tr1/ML-KEM-encapDecap,FIPS203-tr1,,55.31382,12112,resumed_batch,batch_102_109,0
rv32im_fast,103,3,42,1,23,2,0,5530742,4,832,800,30336,29824,0,0,512,0,0,0,0,53408,103,encapsulation,fips203-tr1/ML-KEM-encapDecap,FIPS203-tr1,,55.30742,12112,resumed_batch,batch_102_109,1
rv32im_fast,104,3,42,1,24,2,0,5531319,4,832,800,30336,29824,0,0,512,0,0,0,0,53408,104,encapsulation,fips203-tr1/ML-KEM-encapDecap,FIPS203-tr1,,55.31319,12112,resumed_batch,batch_102_109,2
rv32im_fast,105,3,42,1,25,2,0,5531812,4,832,800,30336,29824,0,0,512,0,0,0,0,53408,105,encapsulation,fips203-tr1/ML-KEM-encapDecap,FIPS203-tr1,,55.31812,12112,resumed_batch,batch_102_109,3
rv32im_fast,106,3,42,4,77,4,0,12126794,4,832,32,61952,61440,0,0,512,0,0,0,0,52592,106,decapsulationSeed,fips203-tr1/ML-KEM-encapDecap,FIPS203-tr1,True,121.26794,12928,resumed_batch,batch_102_109,4
rv32im_fast,107,3,42,4,78,4,0,12131396,4,832,32,61952,61440,0,0,512,0,0,0,0,52592,107,decapsulationSeed,fips203-tr1/ML-KEM-encapDecap,FIPS203-tr1,True,121.31396,12928,resumed_batch,batch_102_109,5
rv32im_fast,108,3,42,4,79,4,0,12134730,4,832,32,61952,61440,0,0,512,0,0,0,0,52592,108,decapsulationSeed,fips203-tr1/ML-KEM-encapDecap,FIPS203-tr1,True,121.3473,12928,resumed_batch,batch_102_109,6
rv32im_fast,109,3,42,4,80,4,0,12135778,4,832,32,61952,61440,0,0,512,0,0,0,0,52592,109,decapsulationSeed,fips203-tr1/ML-KEM-encapDecap,FIPS203-tr1,False,121.35778,12928,resumed_batch,batch_102_109,7
rv32im_fast,110,3,42,4,81,4,0,12129970,4,832,32,61952,61440,0,0,512,0,0,0,0,52592,110,decapsulationSeed,fips203-tr1/ML-KEM-encapDecap,FIPS203-tr1,True,121.2997,12928,resumed_batch,batch_110_117,0
rv32im_fast,111,3,42,4,82,4,0,12132778,4,832,32,61952,61440,0,0,512,0,0,0,0,52592,111,decapsulationSeed,fips203-tr1/ML-KEM-encapDecap,FIPS203-tr1,False,121.32778,12928,resumed_batch,batch_110_117,1
rv32im_fast,112,3,42,4,83,4,0,12129790,4,832,32,61952,61440,0,0,512,0,0,0,0,52592,112,decapsulationSeed,fips203-tr1/ML-KEM-encapDecap,FIPS203-tr1,True,121.2979,12928,resumed_batch,batch_110_117,2
rv32im_fast,113,3,42,4,84,4,0,12132316,4,832,32,61952,61440,0,0,512,0,0,0,0,52592,113,decapsulationSeed,fips203-tr1/ML-KEM-encapDecap,FIPS203-tr1,False,121.32316,12928,resumed_batch,batch_110_117,3
rv32im_fast,114,3,42,4,85,4,0,12132812,4,832,32,61952,61440,0,0,512,0,0,0,0,52592,114,decapsulationSeed,fips203-tr1/ML-KEM-encapDecap,FIPS203-tr1,False,121.32812,12928,resumed_batch,batch_110_117,4
rv32im_fast,115,3,42,5,86,3,0,6939084,4,2400,32,43776,43264,0,0,512,0,0,0,0,52592,115,decapsulation,fips203-tr1/ML-KEM-encapDecap,FIPS203-tr1,True,69.39084,12928,resumed_batch,batch_110_117,5
rv32im_fast,116,3,42,5,87,3,0,6936957,4,2400,32,43776,43264,0,0,512,0,0,0,0,52592,116,decapsulation,fips203-tr1/ML-KEM-encapDecap,FIPS203-tr1,True,69.36957,12928,resumed_batch,batch_110_117,6
rv32im_fast,117,3,42,5,88,3,0,6937693,4,2400,32,43776,43264,0,0,512,0,0,0,0,52592,117,decapsulation,fips203-tr1/ML-KEM-encapDecap,FIPS203-tr1,False,69.37693,12928,resumed_batch,batch_110_117,7
rv32im_fast,118,3,42,5,89,3,0,6937192,4,2400,32,43776,43264,0,0,512,0,0,0,0,52592,118,decapsulation,fips203-tr1/ML-KEM-encapDecap,FIPS203-tr1,True,69.37192,12928,resumed_batch,batch_118_125,0
rv32im_fast,119,3,42,5,90,3,0,6938469,4,2400,32,43776,43264,0,0,512,0,0,0,0,52592,119,decapsulation,fips203-tr1/ML-KEM-encapDecap,FIPS203-tr1,False,69.38469,12928,resumed_batch,batch_118_125,1
rv32im_fast,120,3,42,5,91,3,0,6937318,4,2400,32,43776,43264,0,0,512,0,0,0,0,52592,120,decapsulation,fips203-tr1/ML-KEM-encapDecap,FIPS203-tr1,False,69.37318,12928,resumed_batch,batch_118_125,2
rv32im_fast,121,3,42,5,92,3,0,6936218,4,2400,32,43776,43264,0,0,512,0,0,0,0,52592,121,decapsulation,fips203-tr1/ML-KEM-encapDecap,FIPS203-tr1,True,69.36218,12928,resumed_batch,batch_118_125,3
rv32im_fast,122,3,42,5,93,3,0,6939387,4,2400,32,43776,43264,0,0,512,0,0,0,0,52592,122,decapsulation,fips203-tr1/ML-KEM-encapDecap,FIPS203-tr1,False,69.39387,12928,resumed_batch,batch_118_125,4
rv32im_fast,123,3,42,5,94,3,0,6938127,4,2400,32,43776,43264,0,0,512,0,0,0,0,52592,123,decapsulation,fips203-tr1/ML-KEM-encapDecap,FIPS203-tr1,True,69.38127,12928,resumed_batch,batch_118_125,5
rv32im_fast,124,3,42,5,95,3,0,6937679,4,2400,32,43776,43264,0,0,512,0,0,0,0,52592,124,decapsulation,fips203-tr1/ML-KEM-encapDecap,FIPS203-tr1,False,69.37679,12928,resumed_batch,batch_118_125,6
rv32im_fast,125,3,42,10,136,6,0,941441,4,1632,0,0,0,0,0,0,0,0,0,0,64624,125,decapsulationKeyCheck,fips203-tr1/ML-KEM-encapDecap,FIPS203-tr1,,9.41441,896,resumed_batch,batch_118_125,7
rv32im_fast,126,3,42,10,137,6,-5,941452,4,1632,0,0,0,0,0,0,0,0,0,0,64624,126,decapsulationKeyCheck,fips203-tr1/ML-KEM-encapDecap,FIPS203-tr1,,9.41452,896,resumed_batch,batch_126_133,0
rv32im_fast,127,3,42,10,138,6,-5,941452,4,1632,0,0,0,0,0,0,0,0,0,0,64624,127,decapsulationKeyCheck,fips203-tr1/ML-KEM-encapDecap,FIPS203-tr1,,9.41452,896,resumed_batch,batch_126_133,1
rv32im_fast,128,3,42,10,139,6,-5,941452,4,1632,0,0,0,0,0,0,0,0,0,0,64624,128,decapsulationKeyCheck,fips203-tr1/ML-KEM-encapDecap,FIPS203-tr1,,9.41452,896,resumed_batch,batch_126_133,2
rv32im_fast,129,3,42,10,140,6,0,941441,4,1632,0,0,0,0,0,0,0,0,0,0,64624,129,decapsulationKeyCheck,fips203-tr1/ML-KEM-encapDecap,FIPS203-tr1,,9.41441,896,resumed_batch,batch_126_133,3
rv32im_fast,130,3,42,10,141,6,0,941441,4,1632,0,0,0,0,0,0,0,0,0,0,64624,130,decapsulationKeyCheck,fips203-tr1/ML-KEM-encapDecap,FIPS203-tr1,,9.41441,896,resumed_batch,batch_126_133,4
rv32im_fast,131,3,42,10,142,6,0,941441,4,1632,0,0,0,0,0,0,0,0,0,0,64624,131,decapsulationKeyCheck,fips203-tr1/ML-KEM-encapDecap,FIPS203-tr1,,9.41441,896,resumed_batch,batch_126_133,5
rv32im_fast,132,3,42,10,143,6,-5,941452,4,1632,0,0,0,0,0,0,0,0,0,0,64624,132,decapsulationKeyCheck,fips203-tr1/ML-KEM-encapDecap,FIPS203-tr1,,9.41452,896,resumed_batch,batch_126_133,6
rv32im_fast,133,3,42,10,144,6,0,941441,4,1632,0,0,0,0,0,0,0,0,0,0,64624,133,decapsulationKeyCheck,fips203-tr1/ML-KEM-encapDecap,FIPS203-tr1,,9.41441,896,resumed_batch,batch_126_133,7
rv32im_fast,134,3,42,10,145,6,-5,941452,4,1632,0,0,0,0,0,0,0,0,0,0,64624,134,decapsulationKeyCheck,fips203-tr1/ML-KEM-encapDecap,FIPS203-tr1,,9.41452,896,resumed_batch,batch_134_141,0
rv32im_fast,135,3,42,11,146,5,-4,128943,4,800,0,1024,1024,0,0,0,0,0,0,0,63504,135,encapsulationKeyCheck,fips203-tr1/ML-KEM-encapDecap,FIPS203-tr1,,1.28943,2016,resumed_batch,batch_134_141,1
rv32im_fast,136,3,42,11,147,5,0,128932,4,800,0,1024,1024,0,0,0,0,0,0,0,63504,136,encapsulationKeyCheck,fips203-tr1/ML-KEM-encapDecap,FIPS203-tr1,,1.28932,2016,resumed_batch,batch_134_141,2
rv32im_fast,137,3,42,11,148,5,-4,128943,4,800,0,1024,1024,0,0,0,0,0,0,0,63504,137,encapsulationKeyCheck,fips203-tr1/ML-KEM-encapDecap,FIPS203-tr1,,1.28943,2016,resumed_batch,batch_134_141,3
rv32im_fast,138,3,42,11,149,5,0,128932,4,800,0,1024,1024,0,0,0,0,0,0,0,63504,138,encapsulationKeyCheck,fips203-tr1/ML-KEM-encapDecap,FIPS203-tr1,,1.28932,2016,resumed_batch,batch_134_141,4
rv32im_fast,139,3,42,11,150,5,0,128932,4,800,0,1024,1024,0,0,0,0,0,0,0,63504,139,encapsulationKeyCheck,fips203-tr1/ML-KEM-encapDecap,FIPS203-tr1,,1.28932,2016,resumed_batch,batch_134_141,5
rv32im_fast,140,3,42,11,151,5,-4,128943,4,800,0,1024,1024,0,0,0,0,0,0,0,63504,140,encapsulationKeyCheck,fips203-tr1/ML-KEM-encapDecap,FIPS203-tr1,,1.28943,2016,resumed_batch,batch_134_141,6
rv32im_fast,141,3,42,11,152,5,-4,128943,4,800,0,1024,1024,0,0,0,0,0,0,0,63504,141,encapsulationKeyCheck,fips203-tr1/ML-KEM-encapDecap,FIPS203-tr1,,1.28943,2016,resumed_batch,batch_134_141,7
rv32im_fast,142,3,42,11,153,5,0,128932,4,800,0,1024,1024,0,0,0,0,0,0,0,63504,142,encapsulationKeyCheck,fips203-tr1/ML-KEM-encapDecap,FIPS203-tr1,,1.28932,2016,resumed_batch,batch_142_144,0
rv32im_fast,143,3,42,11,154,5,0,128932,4,800,0,1024,1024,0,0,0,0,0,0,0,63504,143,encapsulationKeyCheck,fips203-tr1/ML-KEM-encapDecap,FIPS203-tr1,,1.28932,2016,resumed_batch,batch_142_144,1
rv32im_fast,144,3,42,11,155,5,-4,128943,4,800,0,1024,1024,0,0,0,0,0,0,0,63504,144,encapsulationKeyCheck,fips203-tr1/ML-KEM-encapDecap,FIPS203-tr1,,1.28943,2016,resumed_batch,batch_142_144,2
