index,dataset,vsId,tgId,tcId,op,return_code,raw_cycles,empty_cycles,input_bytes,output_bytes,m_total,mul,mulh,mulhsu,mulhu,div,divu,rem,remu,min_sp,case_index,operation,expected_implicit_rejection,starts,done,hash,squeeze,busy,buffer_writes,buffer_reads,software_cycles,accelerated_cycles,speedup,busy_ratio,other_api_cycles,attempt
0,1,42,3,51,1,0,3120949,4,64,4736,40452,40452,0,0,0,0,0,0,0,111984,0,keyGen,,26,26,26,0,16293,1969,3648,13046698,3120949,4.180362447447876,0.005220527474175323,3104656,E:\pqc\mlkem-polymul-rv32i-fpga\results\keccak_cpu\kat\batches\pilot_000_001_115\20260927_171430_546316
1,2,42,3,51,2,0,3841529,4,1600,1600,58244,57220,0,0,1024,0,0,0,0,108288,1,encapsulation,,27,27,27,0,16580,2037,3732,13908293,3841529,3.620509698091567,0.0043159898051010415,3824949,E:\pqc\mlkem-polymul-rv32i-fpga\results\keccak_cpu\kat\batches\pilot_000_001_115\20260927_171430_546316
0,2,42,6,96,3,0,4590097,4,4736,32,78340,77316,0,0,1024,0,0,0,0,106672,2,decapsulation,True,28,28,28,0,17856,2489,3792,16459955,4590097,3.585971058999407,0.003890113869053312,4572241,E:\pqc\mlkem-polymul-rv32i-fpga\results\keccak_cpu\kat\batches\batch_002_009\20260927_171910_204931
1,3,42,8,116,4,0,7709403,4,1632,32,118792,117768,0,0,1024,0,0,0,0,106672,3,decapsulationSeed,True,54,54,54,0,34149,4458,7440,29505010,7709403,3.827145889247196,0.004429525866010637,7675254,E:\pqc\mlkem-polymul-rv32i-fpga\results\keccak_cpu\kat\batches\batch_002_009\20260927_171910_204931
2,2,42,12,156,5,0,257406,4,1568,0,2048,2048,0,0,0,0,0,0,0,127232,4,encapsulationKeyCheck,,0,0,0,0,0,0,0,257406,257406,1.0,0.0,257406,E:\pqc\mlkem-polymul-rv32i-fpga\results\keccak_cpu\kat\batches\batch_002_009\20260927_171910_204931
3,2,42,11,146,6,-5,75223,4,3168,0,0,0,0,0,0,0,0,0,0,130544,5,decapsulationKeyCheck,,1,1,1,0,1260,444,60,1879314,75223,24.98323651010994,0.01675019608364463,73963,E:\pqc\mlkem-polymul-rv32i-fpga\results\keccak_cpu\kat\batches\batch_002_009\20260927_171910_204931
4,2,42,12,159,5,-4,257417,4,1568,0,2048,2048,0,0,0,0,0,0,0,127232,6,encapsulationKeyCheck,,0,0,0,0,0,0,0,257417,257417,1.0,0.0,257417,E:\pqc\mlkem-polymul-rv32i-fpga\results\keccak_cpu\kat\batches\batch_002_009\20260927_171910_204931
5,2,42,11,148,6,0,75212,4,3168,0,0,0,0,0,0,0,0,0,0,130544,7,decapsulationKeyCheck,,1,1,1,0,1260,444,60,1879303,75212,24.98674413657395,0.016752645854384938,73952,E:\pqc\mlkem-polymul-rv32i-fpga\results\keccak_cpu\kat\batches\batch_002_009\20260927_171910_204931
6,1,42,3,52,1,0,3187316,4,64,4736,40453,40453,0,0,0,0,0,0,0,111984,8,keyGen,,30,30,26,4,17477,2177,4024,13673293,3187316,4.289908186072545,0.0054832969181593545,3169839,E:\pqc\mlkem-polymul-rv32i-fpga\results\keccak_cpu\kat\batches\batch_002_009\20260927_171910_204931
7,1,42,3,53,1,0,3119294,4,64,4736,40452,40452,0,0,0,0,0,0,0,111984,9,keyGen,,26,26,26,0,16293,1969,3648,13045043,3119294,4.1820498484592985,0.0052232973230480996,3103001,E:\pqc\mlkem-polymul-rv32i-fpga\results\keccak_cpu\kat\batches\batch_002_009\20260927_171910_204931
0,1,42,3,54,1,0,3117992,4,64,4736,40452,40452,0,0,0,0,0,0,0,111984,10,keyGen,,26,26,26,0,16293,1969,3648,13043741,3117992,4.183378597507627,0.005225478448950479,3101699,E:\pqc\mlkem-polymul-rv32i-fpga\results\keccak_cpu\kat\batches\batch_010_017\20260927_172412_685587
1,1,42,3,55,1,0,3120707,4,64,4736,40452,40452,0,0,0,0,0,0,0,111984,11,keyGen,,26,26,26,0,16293,1969,3648,13046456,3120707,4.18060907352084,0.005220932307967393,3104414,E:\pqc\mlkem-polymul-rv32i-fpga\results\keccak_cpu\kat\batches\batch_010_017\20260927_172412_685587
2,1,42,3,56,1,0,3121840,4,64,4736,40452,40452,0,0,0,0,0,0,0,111984,12,keyGen,,26,26,26,0,16293,1969,3648,13047589,3121840,4.179454744637778,0.005219037490710607,3105547,E:\pqc\mlkem-polymul-rv32i-fpga\results\keccak_cpu\kat\batches\batch_010_017\20260927_172412_685587
3,1,42,3,57,1,0,3121120,4,64,4736,40452,40452,0,0,0,0,0,0,0,111984,13,keyGen,,26,26,26,0,16293,1969,3648,13046869,3121120,4.180188201671195,0.005220241451786538,3104827,E:\pqc\mlkem-polymul-rv32i-fpga\results\keccak_cpu\kat\batches\batch_010_017\20260927_172412_685587
4,1,42,3,58,1,0,3122312,4,64,4736,40452,40452,0,0,0,0,0,0,0,111984,14,keyGen,,26,26,26,0,16293,1969,3648,13048061,3122312,4.178974106367333,0.0052182485286544076,3106019,E:\pqc\mlkem-polymul-rv32i-fpga\results\keccak_cpu\kat\batches\batch_010_017\20260927_172412_685587
5,1,42,3,59,1,0,3120461,4,64,4736,40452,40452,0,0,0,0,0,0,0,111984,15,keyGen,,26,26,26,0,16293,1969,3648,13046210,3120461,4.180859815264475,0.005221343897584363,3104168,E:\pqc\mlkem-polymul-rv32i-fpga\results\keccak_cpu\kat\batches\batch_010_017\20260927_172412_685587
6,1,42,3,60,1,0,3120165,4,64,4736,40452,40452,0,0,0,0,0,0,0,111984,16,keyGen,,26,26,26,0,16293,1969,3648,13045914,3120165,4.181161573186033,0.005221839229656124,3103872,E:\pqc\mlkem-polymul-rv32i-fpga\results\keccak_cpu\kat\batches\batch_010_017\20260927_172412_685587
7,1,42,3,61,1,0,3125580,4,64,4736,40452,40452,0,0,0,0,0,0,0,111984,17,keyGen,,26,26,26,0,16293,1969,3648,13051329,3125580,4.175650279308161,0.00521279250571094,3109287,E:\pqc\mlkem-polymul-rv32i-fpga\results\keccak_cpu\kat\batches\batch_010_017\20260927_172412_685587
0,1,42,3,62,1,0,3118200,4,64,4736,40452,40452,0,0,0,0,0,0,0,111984,18,keyGen,,26,26,26,0,16293,1969,3648,13043949,3118200,4.183166249759477,0.005225129882624591,3101907,E:\pqc\mlkem-polymul-rv32i-fpga\results\keccak_cpu\kat\batches\batch_018_025\20260927_173104_449267
1,1,42,3,63,1,0,3120310,4,64,4736,40452,40452,0,0,0,0,0,0,0,111984,19,keyGen,,26,26,26,0,16293,1969,3648,13046059,3120310,4.18101374542914,0.005221596572135461,3104017,E:\pqc\mlkem-polymul-rv32i-fpga\results\keccak_cpu\kat\batches\batch_018_025\20260927_173104_449267
2,1,42,3,64,1,0,3117689,4,64,4736,40452,40452,0,0,0,0,0,0,0,111984,20,keyGen,,26,26,26,0,16293,1969,3648,13043438,3117689,4.183687981706963,0.00522598629946733,3101396,E:\pqc\mlkem-polymul-rv32i-fpga\results\keccak_cpu\kat\batches\batch_018_025\20260927_173104_449267
3,1,42,3,65,1,0,3123065,4,64,4736,40452,40452,0,0,0,0,0,0,0,111984,21,keyGen,,26,26,26,0,16293,1969,3648,13048814,3123065,4.17820762616212,0.005216990360431179,3106772,E:\pqc\mlkem-polymul-rv32i-fpga\results\keccak_cpu\kat\batches\batch_018_025\20260927_173104_449267
4,1,42,3,66,1,0,3121884,4,64,4736,40452,40452,0,0,0,0,0,0,0,111984,22,keyGen,,26,26,26,0,16293,1969,3648,13047633,3121884,4.179409933232625,0.005218963933317189,3105591,E:\pqc\mlkem-polymul-rv32i-fpga\results\keccak_cpu\kat\batches\batch_018_025\20260927_173104_449267
5,1,42,3,67,1,0,3117617,4,64,4736,40452,40452,0,0,0,0,0,0,0,111984,23,keyGen,,26,26,26,0,16293,1969,3648,13043366,3117617,4.1837615075873655,0.0052261069913334445,3101324,E:\pqc\mlkem-polymul-rv32i-fpga\results\keccak_cpu\kat\batches\batch_018_025\20260927_173104_449267
6,1,42,3,68,1,0,3190306,4,64,4736,40453,40453,0,0,0,0,0,0,0,111984,24,keyGen,,30,30,26,4,17477,2177,4024,13676283,3190306,4.286824837492078,0.005478157894571869,3172829,E:\pqc\mlkem-polymul-rv32i-fpga\results\keccak_cpu\kat\batches\batch_018_025\20260927_173104_449267
7,1,42,3,69,1,0,3122532,4,64,4736,40452,40452,0,0,0,0,0,0,0,111984,25,keyGen,,26,26,26,0,16293,1969,3648,13048281,3122532,4.178750129702434,0.0052178808735987335,3106239,E:\pqc\mlkem-polymul-rv32i-fpga\results\keccak_cpu\kat\batches\batch_018_025\20260927_173104_449267
0,1,42,3,70,1,0,3120299,4,64,4736,40452,40452,0,0,0,0,0,0,0,111984,26,keyGen,,26,26,26,0,16293,1969,3648,13046048,3120299,4.181024959467026,0.005221614979846483,3104006,E:\pqc\mlkem-polymul-rv32i-fpga\results\keccak_cpu\kat\batches\batch_026_033\20260927_174003_313576
1,1,42,3,71,1,0,3119281,4,64,4736,40452,40452,0,0,0,0,0,0,0,111984,27,keyGen,,26,26,26,0,16293,1969,3648,13045030,3119281,4.182063110056452,0.005223319091803528,3102988,E:\pqc\mlkem-polymul-rv32i-fpga\results\keccak_cpu\kat\batches\batch_026_033\20260927_174003_313576
2,1,42,3,72,1,0,3187353,4,64,4736,40453,40453,0,0,0,0,0,0,0,111984,28,keyGen,,30,30,26,4,17477,2177,4024,13673330,3187353,4.289869995573129,0.005483233265973364,3169876,E:\pqc\mlkem-polymul-rv32i-fpga\results\keccak_cpu\kat\batches\batch_026_033\20260927_174003_313576
3,1,42,3,73,1,0,3189955,4,64,4736,40453,40453,0,0,0,0,0,0,0,111984,29,keyGen,,30,30,26,4,17477,2177,4024,13675932,3189955,4.287186496361234,0.005478760672172491,3172478,E:\pqc\mlkem-polymul-rv32i-fpga\results\keccak_cpu\kat\batches\batch_026_033\20260927_174003_313576
4,1,42,3,74,1,0,3122218,4,64,4736,40452,40452,0,0,0,0,0,0,0,111984,30,keyGen,,26,26,26,0,16293,1969,3648,13047967,3122218,4.179069815112205,0.005218405633431106,3105925,E:\pqc\mlkem-polymul-rv32i-fpga\results\keccak_cpu\kat\batches\batch_026_033\20260927_174003_313576
5,1,42,3,75,1,0,3186822,4,64,4736,40453,40453,0,0,0,0,0,0,0,111984,31,keyGen,,30,30,26,4,17477,2177,4024,13672799,3186822,4.290418165809072,0.005484146902462704,3169345,E:\pqc\mlkem-polymul-rv32i-fpga\results\keccak_cpu\kat\batches\batch_026_033\20260927_174003_313576
6,2,42,3,52,2,0,3908416,4,1600,1600,58245,57221,0,0,1024,0,0,0,0,108288,32,encapsulation,,31,31,27,4,17764,2245,4108,14535408,3908416,3.719002276113904,0.004545063780314071,3890652,E:\pqc\mlkem-polymul-rv32i-fpga\results\keccak_cpu\kat\batches\batch_026_033\20260927_174003_313576
7,2,42,3,53,2,0,3839205,4,1600,1600,58244,57220,0,0,1024,0,0,0,0,108288,33,encapsulation,,27,27,27,0,16580,2037,3732,13905969,3839205,3.6220959808085267,0.00431860241899039,3822625,E:\pqc\mlkem-polymul-rv32i-fpga\results\keccak_cpu\kat\batches\batch_026_033\20260927_174003_313576
0,2,42,3,54,2,0,3843360,4,1600,1600,58244,57220,0,0,1024,0,0,0,0,108288,34,encapsulation,,27,27,27,0,16580,2037,3732,13910124,3843360,3.619261271387536,0.004313933641397111,3826780,E:\pqc\mlkem-polymul-rv32i-fpga\results\keccak_cpu\kat\batches\batch_034_041\20260927_174919_523198
1,2,42,3,55,2,0,3843462,4,1600,1600,58244,57220,0,0,1024,0,0,0,0,108288,35,encapsulation,,27,27,27,0,16580,2037,3732,13910226,3843462,3.619191759928939,0.0043138191557507265,3826882,E:\pqc\mlkem-polymul-rv32i-fpga\results\keccak_cpu\kat\batches\batch_034_041\20260927_174919_523198
2,2,42,3,56,2,0,3838909,4,1600,1600,58244,57220,0,0,1024,0,0,0,0,108288,36,encapsulation,,27,27,27,0,16580,2037,3732,13905673,3838909,3.622298158148578,0.004318935405866615,3822329,E:\pqc\mlkem-polymul-rv32i-fpga\results\keccak_cpu\kat\batches\batch_034_041\20260927_174919_523198
3,2,42,3,57,2,0,3904729,4,1600,1600,58245,57221,0,0,1024,0,0,0,0,108288,37,encapsulation,,31,31,27,4,17764,2245,4108,14531721,3904729,3.7215696659102333,0.004549355409812051,3886965,E:\pqc\mlkem-polymul-rv32i-fpga\results\keccak_cpu\kat\batches\batch_034_041\20260927_174919_523198
4,2,42,3,58,2,0,3908424,4,1600,1600,58245,57221,0,0,1024,0,0,0,0,108288,38,encapsulation,,31,31,27,4,17764,2245,4108,14535416,3908424,3.7189967106946433,0.004545054477201041,3890660,E:\pqc\mlkem-polymul-rv32i-fpga\results\keccak_cpu\kat\batches\batch_034_041\20260927_174919_523198
5,2,42,3,59,2,0,3845447,4,1600,1600,58244,57220,0,0,1024,0,0,0,0,108288,39,encapsulation,,27,27,27,0,16580,2037,3732,13912211,3845447,3.617839746588628,0.004311592384448414,3828867,E:\pqc\mlkem-polymul-rv32i-fpga\results\keccak_cpu\kat\batches\batch_034_041\20260927_174919_523198
6,2,42,3,60,2,0,3842882,4,1600,1600,58244,57220,0,0,1024,0,0,0,0,108288,40,encapsulation,,27,27,27,0,16580,2037,3732,13909646,3842882,3.6195870703289876,0.004314470233538266,3826302,E:\pqc\mlkem-polymul-rv32i-fpga\results\keccak_cpu\kat\batches\batch_034_041\20260927_174919_523198
7,2,42,3,61,2,0,3842434,4,1600,1600,58244,57220,0,0,1024,0,0,0,0,108288,41,encapsulation,,27,27,27,0,16580,2037,3732,13909198,3842434,3.6198924952256823,0.0043149732695473755,3825854,E:\pqc\mlkem-polymul-rv32i-fpga\results\keccak_cpu\kat\batches\batch_034_041\20260927_174919_523198
0,2,42,3,62,2,0,3841265,4,1600,1600,58244,57220,0,0,1024,0,0,0,0,108288,42,encapsulation,,27,27,27,0,16580,2037,3732,13908029,3841265,3.6206897988032587,0.004316286431683312,3824685,E:\pqc\mlkem-polymul-rv32i-fpga\results\keccak_cpu\kat\batches\batch_042_049\20260927_175740_329963
1,2,42,3,63,2,0,3841558,4,1600,1600,58244,57220,0,0,1024,0,0,0,0,108288,43,encapsulation,,27,27,27,0,16580,2037,3732,13908322,3841558,3.6204899158101997,0.004315957223605631,3824978,E:\pqc\mlkem-polymul-rv32i-fpga\results\keccak_cpu\kat\batches\batch_042_049\20260927_175740_329963
2,2,42,3,64,2,0,3844870,4,1600,1600,58244,57220,0,0,1024,0,0,0,0,108288,44,encapsulation,,27,27,27,0,16580,2037,3732,13911634,3844870,3.6182326060438976,0.004312239425520239,3828290,E:\pqc\mlkem-polymul-rv32i-fpga\results\keccak_cpu\kat\batches\batch_042_049\20260927_175740_329963
3,2,42,3,65,2,0,3845082,4,1600,1600,58244,57220,0,0,1024,0,0,0,0,108288,45,encapsulation,,27,27,27,0,16580,2037,3732,13911846,3845082,3.618088248833185,0.004312001668625012,3828502,E:\pqc\mlkem-polymul-rv32i-fpga\results\keccak_cpu\kat\batches\batch_042_049\20260927_175740_329963
4,2,42,3,66,2,0,3841324,4,1600,1600,58244,57220,0,0,1024,0,0,0,0,108288,46,encapsulation,,27,27,27,0,16580,2037,3732,13908088,3841324,3.6206495468749837,0.004316220136598735,3824744,E:\pqc\mlkem-polymul-rv32i-fpga\results\keccak_cpu\kat\batches\batch_042_049\20260927_175740_329963
5,2,42,3,67,2,0,3842663,4,1600,1600,58244,57220,0,0,1024,0,0,0,0,108288,47,encapsulation,,27,27,27,0,16580,2037,3732,13909427,3842663,3.61973636511971,0.004314716122647237,3826083,E:\pqc\mlkem-polymul-rv32i-fpga\results\keccak_cpu\kat\batches\batch_042_049\20260927_175740_329963
6,2,42,3,68,2,0,3843574,4,1600,1600,58244,57220,0,0,1024,0,0,0,0,108288,48,encapsulation,,27,27,27,0,16580,2037,3732,13910338,3843574,3.6191154378711063,0.004313693453020548,3826994,E:\pqc\mlkem-polymul-rv32i-fpga\results\keccak_cpu\kat\batches\batch_042_049\20260927_175740_329963
7,2,42,3,69,2,0,3840784,4,1600,1600,58244,57220,0,0,1024,0,0,0,0,108288,49,encapsulation,,27,27,27,0,16580,2037,3732,13907548,3840784,3.621018000491566,0.0043168269811580135,3824204,E:\pqc\mlkem-polymul-rv32i-fpga\results\keccak_cpu\kat\batches\batch_042_049\20260927_175740_329963
0,2,42,3,70,2,0,3906960,4,1600,1600,58245,57221,0,0,1024,0,0,0,0,108288,50,encapsulation,,31,31,27,4,17764,2245,4108,14533952,3906960,3.720015561971456,0.0045467575813420156,3889196,E:\pqc\mlkem-polymul-rv32i-fpga\results\keccak_cpu\kat\batches\batch_050_057\20260927_180405_839517
1,2,42,3,71,2,0,3841209,4,1600,1600,58244,57220,0,0,1024,0,0,0,0,108288,51,encapsulation,,27,27,27,0,16580,2037,3732,13907973,3841209,3.6207280051671233,0.00431634935771524,3824629,E:\pqc\mlkem-polymul-rv32i-fpga\results\keccak_cpu\kat\batches\batch_050_057\20260927_180405_839517
2,2,42,3,72,2,0,3840404,4,1600,1600,58244,57220,0,0,1024,0,0,0,0,108288,52,encapsulation,,27,27,27,0,16580,2037,3732,13907168,3840404,3.6212773447793514,0.004317254122222558,3823824,E:\pqc\mlkem-polymul-rv32i-fpga\results\keccak_cpu\kat\batches\batch_050_057\20260927_180405_839517
3,2,42,3,73,2,0,3845135,4,1600,1600,58244,57220,0,0,1024,0,0,0,0,108288,53,encapsulation,,27,27,27,0,16580,2037,3732,13911899,3845135,3.6180521620177184,0.0043119422334976535,3828555,E:\pqc\mlkem-polymul-rv32i-fpga\results\keccak_cpu\kat\batches\batch_050_057\20260927_180405_839517
4,2,42,3,74,2,0,3839063,4,1600,1600,58244,57220,0,0,1024,0,0,0,0,108288,54,encapsulation,,27,27,27,0,16580,2037,3732,13905827,3839063,3.622192967398555,0.004318762156286573,3822483,E:\pqc\mlkem-polymul-rv32i-fpga\results\keccak_cpu\kat\batches\batch_050_057\20260927_180405_839517
5,2,42,3,75,2,0,3842845,4,1600,1600,58244,57220,0,0,1024,0,0,0,0,108288,55,encapsulation,,27,27,27,0,16580,2037,3732,13909609,3842845,3.619612292455199,0.004314511774479585,3826265,E:\pqc\mlkem-polymul-rv32i-fpga\results\keccak_cpu\kat\batches\batch_050_057\20260927_180405_839517
6,2,42,6,97,3,0,4586643,4,4736,32,78340,77316,0,0,1024,0,0,0,0,106672,56,decapsulation,False,28,28,28,0,17856,2489,3792,16456501,4586643,3.587918440567535,0.0038930433434649263,4568787,E:\pqc\mlkem-polymul-rv32i-fpga\results\keccak_cpu\kat\batches\batch_050_057\20260927_180405_839517
7,2,42,6,98,3,0,4590007,4,4736,32,78340,77316,0,0,1024,0,0,0,0,106672,57,decapsulation,True,28,28,28,0,17856,2489,3792,16459865,4590007,3.586021764236961,0.0038901901456795166,4572151,E:\pqc\mlkem-polymul-rv32i-fpga\results\keccak_cpu\kat\batches\batch_050_057\20260927_180405_839517
0,2,42,6,99,3,0,4588859,4,4736,32,78340,77316,0,0,1024,0,0,0,0,106672,58,decapsulation,False,28,28,28,0,17856,2489,3792,16458717,4588859,3.586668712200571,0.003891163358909045,4571003,E:\pqc\mlkem-polymul-rv32i-fpga\results\keccak_cpu\kat\batches\batch_058_065\20260927_181041_513830
1,2,42,6,100,3,0,4592709,4,4736,32,78340,77316,0,0,1024,0,0,0,0,106672,59,decapsulation,False,28,28,28,0,17856,2489,3792,16462567,4592709,3.584500346092034,0.0038879014542397526,4574853,E:\pqc\mlkem-polymul-rv32i-fpga\results\keccak_cpu\kat\batches\batch_058_065\20260927_181041_513830
2,2,42,6,101,3,0,4592481,4,4736,32,78340,77316,0,0,1024,0,0,0,0,106672,60,decapsulation,True,28,28,28,0,17856,2489,3792,16462339,4592481,3.5846286571463226,0.0038880944744246085,4574625,E:\pqc\mlkem-polymul-rv32i-fpga\results\keccak_cpu\kat\batches\batch_058_065\20260927_181041_513830
3,2,42,6,102,3,0,4591207,4,4736,32,78340,77316,0,0,1024,0,0,0,0,106672,61,decapsulation,False,28,28,28,0,17856,2489,3792,16461065,4591207,3.585345857853937,0.003889173369878553,4573351,E:\pqc\mlkem-polymul-rv32i-fpga\results\keccak_cpu\kat\batches\batch_058_065\20260927_181041_513830
4,2,42,6,103,3,0,4658666,4,4736,32,78341,77317,0,0,1024,0,0,0,0,106672,62,decapsulation,False,32,32,28,4,19040,2697,4168,17088752,4658666,3.668164234139129,0.004087006881369044,4639626,E:\pqc\mlkem-polymul-rv32i-fpga\results\keccak_cpu\kat\batches\batch_058_065\20260927_181041_513830
5,2,42,6,104,3,0,4590772,4,4736,32,78340,77316,0,0,1024,0,0,0,0,106672,63,decapsulation,True,28,28,28,0,17856,2489,3792,16460630,4590772,3.5855908330886397,0.003889541889686528,4572916,E:\pqc\mlkem-polymul-rv32i-fpga\results\keccak_cpu\kat\batches\batch_058_065\20260927_181041_513830
6,2,42,6,105,3,0,4594917,4,4736,32,78340,77316,0,0,1024,0,0,0,0,106672,64,decapsulation,True,28,28,28,0,17856,2489,3792,16464775,4594917,3.583258413590496,0.0038860331971175975,4577061,E:\pqc\mlkem-polymul-rv32i-fpga\results\keccak_cpu\kat\batches\batch_058_065\20260927_181041_513830
7,2,42,11,147,6,-5,75223,4,3168,0,0,0,0,0,0,0,0,0,0,130544,65,decapsulationKeyCheck,,1,1,1,0,1260,444,60,1879314,75223,24.98323651010994,0.01675019608364463,73963,E:\pqc\mlkem-polymul-rv32i-fpga\results\keccak_cpu\kat\batches\batch_058_065\20260927_181041_513830
0,2,42,11,149,6,0,75212,4,3168,0,0,0,0,0,0,0,0,0,0,130544,66,decapsulationKeyCheck,,1,1,1,0,1260,444,60,1879303,75212,24.98674413657395,0.016752645854384938,73952,E:\pqc\mlkem-polymul-rv32i-fpga\results\keccak_cpu\kat\batches\batch_066_073\20260927_181736_071134
1,2,42,11,150,6,-5,75223,4,3168,0,0,0,0,0,0,0,0,0,0,130544,67,decapsulationKeyCheck,,1,1,1,0,1260,444,60,1879314,75223,24.98323651010994,0.01675019608364463,73963,E:\pqc\mlkem-polymul-rv32i-fpga\results\keccak_cpu\kat\batches\batch_066_073\20260927_181736_071134
2,2,42,11,151,6,0,75212,4,3168,0,0,0,0,0,0,0,0,0,0,130544,68,decapsulationKeyCheck,,1,1,1,0,1260,444,60,1879303,75212,24.98674413657395,0.016752645854384938,73952,E:\pqc\mlkem-polymul-rv32i-fpga\results\keccak_cpu\kat\batches\batch_066_073\20260927_181736_071134
3,2,42,11,152,6,-5,75223,4,3168,0,0,0,0,0,0,0,0,0,0,130544,69,decapsulationKeyCheck,,1,1,1,0,1260,444,60,1879314,75223,24.98323651010994,0.01675019608364463,73963,E:\pqc\mlkem-polymul-rv32i-fpga\results\keccak_cpu\kat\batches\batch_066_073\20260927_181736_071134
4,2,42,11,153,6,0,75212,4,3168,0,0,0,0,0,0,0,0,0,0,130544,70,decapsulationKeyCheck,,1,1,1,0,1260,444,60,1879303,75212,24.98674413657395,0.016752645854384938,73952,E:\pqc\mlkem-polymul-rv32i-fpga\results\keccak_cpu\kat\batches\batch_066_073\20260927_181736_071134
5,2,42,11,154,6,-5,75223,4,3168,0,0,0,0,0,0,0,0,0,0,130544,71,decapsulationKeyCheck,,1,1,1,0,1260,444,60,1879314,75223,24.98323651010994,0.01675019608364463,73963,E:\pqc\mlkem-polymul-rv32i-fpga\results\keccak_cpu\kat\batches\batch_066_073\20260927_181736_071134
6,2,42,11,155,6,0,75212,4,3168,0,0,0,0,0,0,0,0,0,0,130544,72,decapsulationKeyCheck,,1,1,1,0,1260,444,60,1879303,75212,24.98674413657395,0.016752645854384938,73952,E:\pqc\mlkem-polymul-rv32i-fpga\results\keccak_cpu\kat\batches\batch_066_073\20260927_181736_071134
7,2,42,12,157,5,0,257406,4,1568,0,2048,2048,0,0,0,0,0,0,0,127232,73,encapsulationKeyCheck,,0,0,0,0,0,0,0,257406,257406,1.0,0.0,257406,E:\pqc\mlkem-polymul-rv32i-fpga\results\keccak_cpu\kat\batches\batch_066_073\20260927_181736_071134
0,2,42,12,158,5,0,257406,4,1568,0,2048,2048,0,0,0,0,0,0,0,127232,74,encapsulationKeyCheck,,0,0,0,0,0,0,0,257406,257406,1.0,0.0,257406,E:\pqc\mlkem-polymul-rv32i-fpga\results\keccak_cpu\kat\batches\batch_074_081\20260927_181841_054172
1,2,42,12,160,5,-4,257417,4,1568,0,2048,2048,0,0,0,0,0,0,0,127232,75,encapsulationKeyCheck,,0,0,0,0,0,0,0,257417,257417,1.0,0.0,257417,E:\pqc\mlkem-polymul-rv32i-fpga\results\keccak_cpu\kat\batches\batch_074_081\20260927_181841_054172
2,2,42,12,161,5,0,257406,4,1568,0,2048,2048,0,0,0,0,0,0,0,127232,76,encapsulationKeyCheck,,0,0,0,0,0,0,0,257406,257406,1.0,0.0,257406,E:\pqc\mlkem-polymul-rv32i-fpga\results\keccak_cpu\kat\batches\batch_074_081\20260927_181841_054172
3,2,42,12,162,5,-4,257417,4,1568,0,2048,2048,0,0,0,0,0,0,0,127232,77,encapsulationKeyCheck,,0,0,0,0,0,0,0,257417,257417,1.0,0.0,257417,E:\pqc\mlkem-polymul-rv32i-fpga\results\keccak_cpu\kat\batches\batch_074_081\20260927_181841_054172
4,2,42,12,163,5,-4,257417,4,1568,0,2048,2048,0,0,0,0,0,0,0,127232,78,encapsulationKeyCheck,,0,0,0,0,0,0,0,257417,257417,1.0,0.0,257417,E:\pqc\mlkem-polymul-rv32i-fpga\results\keccak_cpu\kat\batches\batch_074_081\20260927_181841_054172
5,2,42,12,164,5,-4,257417,4,1568,0,2048,2048,0,0,0,0,0,0,0,127232,79,encapsulationKeyCheck,,0,0,0,0,0,0,0,257417,257417,1.0,0.0,257417,E:\pqc\mlkem-polymul-rv32i-fpga\results\keccak_cpu\kat\batches\batch_074_081\20260927_181841_054172
6,2,42,12,165,5,0,257406,4,1568,0,2048,2048,0,0,0,0,0,0,0,127232,80,encapsulationKeyCheck,,0,0,0,0,0,0,0,257406,257406,1.0,0.0,257406,E:\pqc\mlkem-polymul-rv32i-fpga\results\keccak_cpu\kat\batches\batch_074_081\20260927_181841_054172
7,3,42,3,51,2,0,3839182,4,1600,1600,58244,57220,0,0,1024,0,0,0,0,108288,81,encapsulation,,27,27,27,0,16580,2037,3732,13905946,3839182,3.6221116894171725,0.004318628291130767,3822602,E:\pqc\mlkem-polymul-rv32i-fpga\results\keccak_cpu\kat\batches\batch_074_081\20260927_181841_054172
0,3,42,3,52,2,0,3843820,4,1600,1600,58244,57220,0,0,1024,0,0,0,0,108288,82,encapsulation,,27,27,27,0,16580,2037,3732,13910584,3843820,3.618947817535681,0.004313417381667196,3827240,E:\pqc\mlkem-polymul-rv32i-fpga\results\keccak_cpu\kat\batches\batch_082_089\20260927_182028_554387
1,3,42,3,53,2,0,3842299,4,1600,1600,58244,57220,0,0,1024,0,0,0,0,108288,83,encapsulation,,27,27,27,0,16580,2037,3732,13909063,3842299,3.619984545710784,0.004315124877059281,3825719,E:\pqc\mlkem-polymul-rv32i-fpga\results\keccak_cpu\kat\batches\batch_082_089\20260927_182028_554387
2,3,42,3,54,2,0,3974470,4,1600,1600,58246,57222,0,0,1024,0,0,0,0,108288,84,encapsulation,,35,35,27,8,18948,2453,4484,15161690,3974470,3.814770271256293,0.00476742810991151,3955522,E:\pqc\mlkem-polymul-rv32i-fpga\results\keccak_cpu\kat\batches\batch_082_089\20260927_182028_554387
3,3,42,3,55,2,0,3846214,4,1600,1600,58244,57220,0,0,1024,0,0,0,0,108288,85,encapsulation,,27,27,27,0,16580,2037,3732,13912978,3846214,3.6173177051510916,0.0043107325801424465,3829634,E:\pqc\mlkem-polymul-rv32i-fpga\results\keccak_cpu\kat\batches\batch_082_089\20260927_182028_554387
4,3,42,3,56,2,0,3846440,4,1600,1600,58244,57220,0,0,1024,0,0,0,0,108288,86,encapsulation,,27,27,27,0,16580,2037,3732,13913204,3846440,3.6171639230041284,0.004310479300340055,3829860,E:\pqc\mlkem-polymul-rv32i-fpga\results\keccak_cpu\kat\batches\batch_082_089\20260927_182028_554387
5,3,42,3,57,2,0,3842433,4,1600,1600,58244,57220,0,0,1024,0,0,0,0,108288,87,encapsulation,,27,27,27,0,16580,2037,3732,13909197,3842433,3.619893177057349,0.004314974392526818,3825853,E:\pqc\mlkem-polymul-rv32i-fpga\results\keccak_cpu\kat\batches\batch_082_089\20260927_182028_554387
6,3,42,3,58,2,0,3842613,4,1600,1600,58244,57220,0,0,1024,0,0,0,0,108288,88,encapsulation,,27,27,27,0,16580,2037,3732,13909377,3842613,3.6197704530745094,0.004314772265643196,3826033,E:\pqc\mlkem-polymul-rv32i-fpga\results\keccak_cpu\kat\batches\batch_082_089\20260927_182028_554387
7,3,42,3,59,2,0,3838640,4,1600,1600,58244,57220,0,0,1024,0,0,0,0,108288,89,encapsulation,,27,27,27,0,16580,2037,3732,13905404,3838640,3.622481920680241,0.0043192380634808165,3822060,E:\pqc\mlkem-polymul-rv32i-fpga\results\keccak_cpu\kat\batches\batch_082_089\20260927_182028_554387
0,3,42,3,60,2,0,3907403,4,1600,1600,58245,57221,0,0,1024,0,0,0,0,108288,90,encapsulation,,31,31,27,4,17764,2245,4108,14534395,3907403,3.7197071814706595,0.004546242094813358,3889639,E:\pqc\mlkem-polymul-rv32i-fpga\results\keccak_cpu\kat\batches\batch_090_097\20260927_182854_601038
1,3,42,3,61,2,0,3841861,4,1600,1600,58244,57220,0,0,1024,0,0,0,0,108288,91,encapsulation,,27,27,27,0,16580,2037,3732,13908625,3841861,3.6202832429387737,0.004315616832571506,3825281,E:\pqc\mlkem-polymul-rv32i-fpga\results\keccak_cpu\kat\batches\batch_090_097\20260927_182854_601038
2,3,42,3,62,2,0,3840895,4,1600,1600,58244,57220,0,0,1024,0,0,0,0,108288,92,encapsulation,,27,27,27,0,16580,2037,3732,13907659,3840895,3.620942254344365,0.004316702226954915,3824315,E:\pqc\mlkem-polymul-rv32i-fpga\results\keccak_cpu\kat\batches\batch_090_097\20260927_182854_601038
3,3,42,3,63,2,0,3841666,4,1600,1600,58244,57220,0,0,1024,0,0,0,0,108288,93,encapsulation,,27,27,27,0,16580,2037,3732,13908430,3841666,3.620416246493058,0.004315835889949829,3825086,E:\pqc\mlkem-polymul-rv32i-fpga\results\keccak_cpu\kat\batches\batch_090_097\20260927_182854_601038
4,3,42,3,64,2,0,3840385,4,1600,1600,58244,57220,0,0,1024,0,0,0,0,108288,94,encapsulation,,27,27,27,0,16580,2037,3732,13907149,3840385,3.62129031334098,0.004317275481494694,3823805,E:\pqc\mlkem-polymul-rv32i-fpga\results\keccak_cpu\kat\batches\batch_090_097\20260927_182854_601038
5,3,42,3,65,2,0,3845729,4,1600,1600,58244,57220,0,0,1024,0,0,0,0,108288,95,encapsulation,,27,27,27,0,16580,2037,3732,13912493,3845729,3.6176477853743725,0.004311276223571656,3829149,E:\pqc\mlkem-polymul-rv32i-fpga\results\keccak_cpu\kat\batches\batch_090_097\20260927_182854_601038
6,3,42,3,66,2,0,3907447,4,1600,1600,58245,57221,0,0,1024,0,0,0,0,108288,96,encapsulation,,31,31,27,4,17764,2245,4108,14534439,3907447,3.719676556073569,0.0045461909016296315,3889683,E:\pqc\mlkem-polymul-rv32i-fpga\results\keccak_cpu\kat\batches\batch_090_097\20260927_182854_601038
7,3,42,3,67,2,0,3841351,4,1600,1600,58244,57220,0,0,1024,0,0,0,0,108288,97,encapsulation,,27,27,27,0,16580,2037,3732,13908115,3841351,3.620631126913422,0.004316189798849415,3824771,E:\pqc\mlkem-polymul-rv32i-fpga\results\keccak_cpu\kat\batches\batch_090_097\20260927_182854_601038
0,3,42,3,68,2,0,3844519,4,1600,1600,58244,57220,0,0,1024,0,0,0,0,108288,98,encapsulation,,27,27,27,0,16580,2037,3732,13911283,3844519,3.6184716475585113,0.004312633127837319,3827939,E:\pqc\mlkem-polymul-rv32i-fpga\results\keccak_cpu\kat\batches\batch_098_105\20260927_183935_438995
1,3,42,3,69,2,0,3845715,4,1600,1600,58244,57220,0,0,1024,0,0,0,0,108288,99,encapsulation,,27,27,27,0,16580,2037,3732,13912479,3845715,3.617657314699607,0.004311291918407891,3829135,E:\pqc\mlkem-polymul-rv32i-fpga\results\keccak_cpu\kat\batches\batch_098_105\20260927_183935_438995
2,3,42,3,70,2,0,3841629,4,1600,1600,58244,57220,0,0,1024,0,0,0,0,108288,100,encapsulation,,27,27,27,0,16580,2037,3732,13908393,3841629,3.6204414845889596,0.004315877457193289,3825049,E:\pqc\mlkem-polymul-rv32i-fpga\results\keccak_cpu\kat\batches\batch_098_105\20260927_183935_438995
3,3,42,3,71,2,0,3845318,4,1600,1600,58244,57220,0,0,1024,0,0,0,0,108288,101,encapsulation,,27,27,27,0,16580,2037,3732,13912082,3845318,3.617927568019082,0.0043117370266906405,3828738,E:\pqc\mlkem-polymul-rv32i-fpga\results\keccak_cpu\kat\batches\batch_098_105\20260927_183935_438995
4,3,42,3,72,2,0,3844734,4,1600,1600,58244,57220,0,0,1024,0,0,0,0,108288,102,encapsulation,,27,27,27,0,16580,2037,3732,13911498,3844734,3.6183252209385617,0.00431239196261692,3828154,E:\pqc\mlkem-polymul-rv32i-fpga\results\keccak_cpu\kat\batches\batch_098_105\20260927_183935_438995
5,3,42,3,73,2,0,3843588,4,1600,1600,58244,57220,0,0,1024,0,0,0,0,108288,103,encapsulation,,27,27,27,0,16580,2037,3732,13910352,3843588,3.619105897926625,0.004313677740694372,3827008,E:\pqc\mlkem-polymul-rv32i-fpga\results\keccak_cpu\kat\batches\batch_098_105\20260927_183935_438995
6,3,42,3,74,2,0,3841256,4,1600,1600,58244,57220,0,0,1024,0,0,0,0,108288,104,encapsulation,,27,27,27,0,16580,2037,3732,13908020,3841256,3.6206959390366067,0.0043162965446718465,3824676,E:\pqc\mlkem-polymul-rv32i-fpga\results\keccak_cpu\kat\batches\batch_098_105\20260927_183935_438995
7,3,42,3,75,2,0,3843762,4,1600,1600,58244,57220,0,0,1024,0,0,0,0,108288,105,encapsulation,,27,27,27,0,16580,2037,3732,13910526,3843762,3.618987335844415,0.004313482468477497,3827182,E:\pqc\mlkem-polymul-rv32i-fpga\results\keccak_cpu\kat\batches\batch_098_105\20260927_183935_438995
0,3,42,8,117,4,0,7715635,4,1632,32,118792,117768,0,0,1024,0,0,0,0,106672,106,decapsulationSeed,True,54,54,54,0,34149,4458,7440,29511242,7715635,3.8248623736089122,0.004425948091116285,7681486,E:\pqc\mlkem-polymul-rv32i-fpga\results\keccak_cpu\kat\batches\batch_106_113\20260927_184823_252111
1,3,42,8,118,4,0,7711993,4,1632,32,118792,117768,0,0,1024,0,0,0,0,106672,107,decapsulationSeed,False,54,54,54,0,34149,4458,7440,29507600,7711993,3.8261964190060858,0.0044280382515907366,7677844,E:\pqc\mlkem-polymul-rv32i-fpga\results\keccak_cpu\kat\batches\batch_106_113\20260927_184823_252111
2,3,42,8,119,4,0,7707971,4,1632,32,118792,117768,0,0,1024,0,0,0,0,106672,108,decapsulationSeed,True,54,54,54,0,34149,4458,7440,29503578,7707971,3.8276711212328123,0.004430348790881543,7673822,E:\pqc\mlkem-polymul-rv32i-fpga\results\keccak_cpu\kat\batches\batch_106_113\20260927_184823_252111
3,3,42,8,120,4,0,7710075,4,1632,32,118792,117768,0,0,1024,0,0,0,0,106672,109,decapsulationSeed,False,54,54,54,0,34149,4458,7440,29505682,7710075,3.826899478928545,0.0044291397943599774,7675926,E:\pqc\mlkem-polymul-rv32i-fpga\results\keccak_cpu\kat\batches\batch_106_113\20260927_184823_252111
4,3,42,8,121,4,0,7713895,4,1632,32,118792,117768,0,0,1024,0,0,0,0,106672,110,decapsulationSeed,False,54,54,54,0,34149,4458,7440,29509502,7713895,3.8254995692837404,0.004426946438861302,7679746,E:\pqc\mlkem-polymul-rv32i-fpga\results\keccak_cpu\kat\batches\batch_106_113\20260927_184823_252111
5,3,42,8,122,4,0,7709171,4,1632,32,118792,117768,0,0,1024,0,0,0,0,106672,111,decapsulationSeed,False,54,54,54,0,34149,4458,7440,29504778,7709171,3.8272309694518385,0.004429659168281518,7675022,E:\pqc\mlkem-polymul-rv32i-fpga\results\keccak_cpu\kat\batches\batch_106_113\20260927_184823_252111
6,3,42,8,123,4,0,7707757,4,1632,32,118792,117768,0,0,1024,0,0,0,0,106672,112,decapsulationSeed,True,54,54,54,0,34149,4458,7440,29503364,7707757,3.8277496293668833,0.0044304717961399145,7673608,E:\pqc\mlkem-polymul-rv32i-fpga\results\keccak_cpu\kat\batches\batch_106_113\20260927_184823_252111
7,3,42,8,124,4,0,7709333,4,1632,32,118792,117768,0,0,1024,0,0,0,0,106672,113,decapsulationSeed,False,54,54,54,0,34149,4458,7440,29504940,7709333,3.8271715594591647,0.0044295660856782295,7675184,E:\pqc\mlkem-polymul-rv32i-fpga\results\keccak_cpu\kat\batches\batch_106_113\20260927_184823_252111
0,3,42,8,125,4,0,7708687,4,1632,32,118792,117768,0,0,1024,0,0,0,0,106672,114,decapsulationSeed,True,54,54,54,0,34149,4458,7440,29504294,7708687,3.8274084808476463,0.0044299372902285436,7674538,E:\pqc\mlkem-polymul-rv32i-fpga\results\keccak_cpu\kat\batches\batch_114_122\20260927_190034_775543
2,3,42,9,126,3,0,4658623,4,4736,32,78341,77317,0,0,1024,0,0,0,0,106672,115,decapsulation,True,32,32,28,4,19040,2697,4168,17088709,4658623,3.6681888618160343,0.004087044605240647,4639583,E:\pqc\mlkem-polymul-rv32i-fpga\results\keccak_cpu\kat\batches\pilot_000_001_115\20260927_171430_546316
1,3,42,9,127,3,0,4591884,4,4736,32,78340,77316,0,0,1024,0,0,0,0,106672,116,decapsulation,False,28,28,28,0,17856,2489,3792,16461742,4591884,3.58496468987457,0.0038885999733442745,4574028,E:\pqc\mlkem-polymul-rv32i-fpga\results\keccak_cpu\kat\batches\batch_114_122\20260927_190034_775543
2,3,42,9,128,3,0,4656638,4,4736,32,78341,77317,0,0,1024,0,0,0,0,106672,117,decapsulation,True,32,32,28,4,19040,2697,4168,17086724,4656638,3.6693262392309647,0.004088786802839302,4637598,E:\pqc\mlkem-polymul-rv32i-fpga\results\keccak_cpu\kat\batches\batch_114_122\20260927_190034_775543
3,3,42,9,129,3,0,4655350,4,4736,32,78341,77317,0,0,1024,0,0,0,0,106672,118,decapsulation,False,32,32,28,4,19040,2697,4168,17085436,4655350,3.6700647641960327,0.00408991805127434,4636310,E:\pqc\mlkem-polymul-rv32i-fpga\results\keccak_cpu\kat\batches\batch_114_122\20260927_190034_775543
4,3,42,9,130,3,0,4594210,4,4736,32,78340,77316,0,0,1024,0,0,0,0,106672,119,decapsulation,True,28,28,28,0,17856,2489,3792,16464068,4594210,3.583655949553895,0.0038866312162482777,4576354,E:\pqc\mlkem-polymul-rv32i-fpga\results\keccak_cpu\kat\batches\batch_114_122\20260927_190034_775543
5,3,42,9,131,3,0,4592644,4,4736,32,78340,77316,0,0,1024,0,0,0,0,106672,120,decapsulation,True,28,28,28,0,17856,2489,3792,16462502,4592644,3.584536924699585,0.0038879564799710145,4574788,E:\pqc\mlkem-polymul-rv32i-fpga\results\keccak_cpu\kat\batches\batch_114_122\20260927_190034_775543
6,3,42,9,132,3,0,4591036,4,4736,32,78340,77316,0,0,1024,0,0,0,0,106672,121,decapsulation,False,28,28,28,0,17856,2489,3792,16460894,4591036,3.585442152925832,0.0038893182279555205,4573180,E:\pqc\mlkem-polymul-rv32i-fpga\results\keccak_cpu\kat\batches\batch_114_122\20260927_190034_775543
7,3,42,9,133,3,0,4591842,4,4736,32,78340,77316,0,0,1024,0,0,0,0,106672,122,decapsulation,False,28,28,28,0,17856,2489,3792,16461700,4591842,3.584988333657822,0.0038886355410312464,4573986,E:\pqc\mlkem-polymul-rv32i-fpga\results\keccak_cpu\kat\batches\batch_114_122\20260927_190034_775543
0,3,42,9,134,3,0,4593339,4,4736,32,78340,77316,0,0,1024,0,0,0,0,106672,123,decapsulation,False,28,28,28,0,17856,2489,3792,16463197,4593339,3.5841458686154017,0.003887368208616869,4575483,E:\pqc\mlkem-polymul-rv32i-fpga\results\keccak_cpu\kat\batches\batch_123_130\20260927_190912_372020
1,3,42,9,135,3,0,4590916,4,4736,32,78340,77316,0,0,1024,0,0,0,0,106672,124,decapsulation,True,28,28,28,0,17856,2489,3792,16460774,4590916,3.585509732698224,0.0038894198891898696,4573060,E:\pqc\mlkem-polymul-rv32i-fpga\results\keccak_cpu\kat\batches\batch_123_130\20260927_190912_372020
2,3,42,14,176,6,-5,75223,4,3168,0,0,0,0,0,0,0,0,0,0,130544,125,decapsulationKeyCheck,,1,1,1,0,1260,444,60,1879314,75223,24.98323651010994,0.01675019608364463,73963,E:\pqc\mlkem-polymul-rv32i-fpga\results\keccak_cpu\kat\batches\batch_123_130\20260927_190912_372020
3,3,42,14,177,6,0,75212,4,3168,0,0,0,0,0,0,0,0,0,0,130544,126,decapsulationKeyCheck,,1,1,1,0,1260,444,60,1879303,75212,24.98674413657395,0.016752645854384938,73952,E:\pqc\mlkem-polymul-rv32i-fpga\results\keccak_cpu\kat\batches\batch_123_130\20260927_190912_372020
4,3,42,14,178,6,0,75212,4,3168,0,0,0,0,0,0,0,0,0,0,130544,127,decapsulationKeyCheck,,1,1,1,0,1260,444,60,1879303,75212,24.98674413657395,0.016752645854384938,73952,E:\pqc\mlkem-polymul-rv32i-fpga\results\keccak_cpu\kat\batches\batch_123_130\20260927_190912_372020
5,3,42,14,179,6,0,75212,4,3168,0,0,0,0,0,0,0,0,0,0,130544,128,decapsulationKeyCheck,,1,1,1,0,1260,444,60,1879303,75212,24.98674413657395,0.016752645854384938,73952,E:\pqc\mlkem-polymul-rv32i-fpga\results\keccak_cpu\kat\batches\batch_123_130\20260927_190912_372020
6,3,42,14,180,6,-5,75223,4,3168,0,0,0,0,0,0,0,0,0,0,130544,129,decapsulationKeyCheck,,1,1,1,0,1260,444,60,1879314,75223,24.98323651010994,0.01675019608364463,73963,E:\pqc\mlkem-polymul-rv32i-fpga\results\keccak_cpu\kat\batches\batch_123_130\20260927_190912_372020
7,3,42,14,181,6,0,75212,4,3168,0,0,0,0,0,0,0,0,0,0,130544,130,decapsulationKeyCheck,,1,1,1,0,1260,444,60,1879303,75212,24.98674413657395,0.016752645854384938,73952,E:\pqc\mlkem-polymul-rv32i-fpga\results\keccak_cpu\kat\batches\batch_123_130\20260927_190912_372020
0,3,42,14,182,6,0,75212,4,3168,0,0,0,0,0,0,0,0,0,0,130544,131,decapsulationKeyCheck,,1,1,1,0,1260,444,60,1879303,75212,24.98674413657395,0.016752645854384938,73952,E:\pqc\mlkem-polymul-rv32i-fpga\results\keccak_cpu\kat\batches\batch_131_138\20260927_191154_846629
1,3,42,14,183,6,-5,75223,4,3168,0,0,0,0,0,0,0,0,0,0,130544,132,decapsulationKeyCheck,,1,1,1,0,1260,444,60,1879314,75223,24.98323651010994,0.01675019608364463,73963,E:\pqc\mlkem-polymul-rv32i-fpga\results\keccak_cpu\kat\batches\batch_131_138\20260927_191154_846629
2,3,42,14,184,6,-5,75223,4,3168,0,0,0,0,0,0,0,0,0,0,130544,133,decapsulationKeyCheck,,1,1,1,0,1260,444,60,1879314,75223,24.98323651010994,0.01675019608364463,73963,E:\pqc\mlkem-polymul-rv32i-fpga\results\keccak_cpu\kat\batches\batch_131_138\20260927_191154_846629
3,3,42,14,185,6,-5,75223,4,3168,0,0,0,0,0,0,0,0,0,0,130544,134,decapsulationKeyCheck,,1,1,1,0,1260,444,60,1879314,75223,24.98323651010994,0.01675019608364463,73963,E:\pqc\mlkem-polymul-rv32i-fpga\results\keccak_cpu\kat\batches\batch_131_138\20260927_191154_846629
4,3,42,15,186,5,0,257406,4,1568,0,2048,2048,0,0,0,0,0,0,0,127232,135,encapsulationKeyCheck,,0,0,0,0,0,0,0,257406,257406,1.0,0.0,257406,E:\pqc\mlkem-polymul-rv32i-fpga\results\keccak_cpu\kat\batches\batch_131_138\20260927_191154_846629
5,3,42,15,187,5,-4,257417,4,1568,0,2048,2048,0,0,0,0,0,0,0,127232,136,encapsulationKeyCheck,,0,0,0,0,0,0,0,257417,257417,1.0,0.0,257417,E:\pqc\mlkem-polymul-rv32i-fpga\results\keccak_cpu\kat\batches\batch_131_138\20260927_191154_846629
6,3,42,15,188,5,-4,257417,4,1568,0,2048,2048,0,0,0,0,0,0,0,127232,137,encapsulationKeyCheck,,0,0,0,0,0,0,0,257417,257417,1.0,0.0,257417,E:\pqc\mlkem-polymul-rv32i-fpga\results\keccak_cpu\kat\batches\batch_131_138\20260927_191154_846629
7,3,42,15,189,5,0,257406,4,1568,0,2048,2048,0,0,0,0,0,0,0,127232,138,encapsulationKeyCheck,,0,0,0,0,0,0,0,257406,257406,1.0,0.0,257406,E:\pqc\mlkem-polymul-rv32i-fpga\results\keccak_cpu\kat\batches\batch_131_138\20260927_191154_846629
0,3,42,15,190,5,-4,257417,4,1568,0,2048,2048,0,0,0,0,0,0,0,127232,139,encapsulationKeyCheck,,0,0,0,0,0,0,0,257417,257417,1.0,0.0,257417,E:\pqc\mlkem-polymul-rv32i-fpga\results\keccak_cpu\kat\batches\batch_139_144\20260927_191303_475381
1,3,42,15,191,5,0,257406,4,1568,0,2048,2048,0,0,0,0,0,0,0,127232,140,encapsulationKeyCheck,,0,0,0,0,0,0,0,257406,257406,1.0,0.0,257406,E:\pqc\mlkem-polymul-rv32i-fpga\results\keccak_cpu\kat\batches\batch_139_144\20260927_191303_475381
2,3,42,15,192,5,-4,257417,4,1568,0,2048,2048,0,0,0,0,0,0,0,127232,141,encapsulationKeyCheck,,0,0,0,0,0,0,0,257417,257417,1.0,0.0,257417,E:\pqc\mlkem-polymul-rv32i-fpga\results\keccak_cpu\kat\batches\batch_139_144\20260927_191303_475381
3,3,42,15,193,5,-4,257417,4,1568,0,2048,2048,0,0,0,0,0,0,0,127232,142,encapsulationKeyCheck,,0,0,0,0,0,0,0,257417,257417,1.0,0.0,257417,E:\pqc\mlkem-polymul-rv32i-fpga\results\keccak_cpu\kat\batches\batch_139_144\20260927_191303_475381
4,3,42,15,194,5,0,257406,4,1568,0,2048,2048,0,0,0,0,0,0,0,127232,143,encapsulationKeyCheck,,0,0,0,0,0,0,0,257406,257406,1.0,0.0,257406,E:\pqc\mlkem-polymul-rv32i-fpga\results\keccak_cpu\kat\batches\batch_139_144\20260927_191303_475381
5,3,42,15,195,5,0,257406,4,1568,0,2048,2048,0,0,0,0,0,0,0,127232,144,encapsulationKeyCheck,,0,0,0,0,0,0,0,257406,257406,1.0,0.0,257406,E:\pqc\mlkem-polymul-rv32i-fpga\results\keccak_cpu\kat\batches\batch_139_144\20260927_191303_475381
