"path","original_sha256","redacted_sha256"
"evidence/historical/board_vio/drc_routed.rpt","DD225736E9EC077CD36331F6B2E1303B1AED4A3FDBA41A6A7C8FD59C4BF2C469","DBBB08EE7D1A41E1E64534A717057038E602571931BB539F7ED6E2D2679D7947"
"evidence/historical/board_vio/simulate.log","B1FD75351B2A9AC94CF0EB461C55338BC2EF55CD6A9C4E4DA7A937426F8C8D52","852E8FA00EA6CECA74E751AB2ED9DEB2BB0AF086D0CCD9FD6256CC31F25C04A2"
"evidence/historical/board_vio/timing_routed.rpt","74C4A4819ABC2EBE6C76099DCCE5DFE708C762868A9FC51472C97910C5BD188B","C5E9EBA535A947CA3F6CA70E9307531400EA85CA6FFF41977F3828D2C7707F79"
"evidence/historical/board_vio/utilization_routed.rpt","AC6022A35BE9FB49549393355FF65EB0C8B538A6A7A9B6A40BA49D315EF1C0FF","EACC2BD7700227C33E3FCDA585C1F009D43B4778DD85E1010E26560AF1C1E252"
"evidence/historical/board_vio/hardware/snapshot_20260912_203558_7590119437774.txt","22B7089C5CA31E3808456F5A7A4788557D2C85A8D46C35F029E521228650029C","EEB3601C2815FA26CD2BC67AD1A79206B8C2341453585D64C0DC8E46F51BC71B"
"evidence/historical/bram_wrapper/baseline/utilization_routed.rpt","9EF5A6A92A9F0992DB8C93CA3A4346A880CFE343CDD692D63EC9E850416BCC28","BC04ACCE1731500238643A35F9A28BBC1C5CAE779709508CA788824E2F263F00"
"evidence/historical/bram_wrapper/bram/utilization_routed.rpt","505EA6A7676EF22925A19AB71E46C5D072E3FAC9E3EF93C29B23254DD4C5EC4F","DDDF1DDD5642189D6C6CCC0F641134C6E594D14F5D55365E248EB644E5133F15"
"evidence/historical/profile/software_compute_audit_1789549904/simulate.log","D9E6F62564D96702710D907E93712221C09FA6422CCD613E1CDE057BFADD7CE8","3B92C70A86D9CC6C5F7C8D82F76D42EC46D1AE7CAE51EAC9E6130F696D102B88"
"evidence/migration/firmware_build.csv","4EB07DB51267B321A890B9A473157A204FAE7C1306E4877AE1C39C6ECBA0B430","4EB07DB51267B321A890B9A473157A204FAE7C1306E4877AE1C39C6ECBA0B430"
"evidence/migration/hls_csim_first_attempt.log","B68C8D5724FBCE232050E660805DA36EC9682DE43FE345790BF1656791A87991","93F7CF569DA9B834BDDA022A4E733A060383E743987193A2A7B456FCA9AF8542"
"evidence/migration/hls_csim.log","E259616384CA89325602B94C03E6A69965BB6862F6DF6F9A5864838F00082FD4","2DA758F84F094180D750E1208280234E2F928F2899F7A8A124AA9BFC734F1744"
"evidence/migration/protocol_simulate.log","2FD021D2995B0626BD046EB8EB4132830F3DA6E8BC3E39AA983CCDB28EB42830","F40738130848602443624DF3710493747BACEEFF7BE863A3D0088A1421301EF6"
"evidence/migration/vio_simulate.log","CF8DA2DF7EE77CE6D7E7FA3698C72A73366340D37541893C1380DAFBED675734","66DE201C965405CB4BF1C55E57876079DB1575BEB976F4B9F4DC00F24F5AE8AD"
"evidence/migration/board_simulate.log","6AFBFE238B234672504D9B74370CED00F7327CA850A00713B01944400B06AAE9","4F551DC7D9B58305D9D8160B2C6B348925F6AB95A3D6B53BD05CEBCE1A310F3E"
